Driver,Lap Number,Lap Time,Position,Time,Sector 1,Sector 2,Sector 3
VER,1.0,0 days 00:01:31.677000,1.0,0 days 00:59:52.411000,,0 days 00:00:38.489000,0 days 00:00:32.363000
VER,2.0,0 days 00:01:29.117000,1.0,0 days 01:01:21.528000,0 days 00:00:18.085000,0 days 00:00:38.383000,0 days 00:00:32.649000
VER,3.0,0 days 00:01:29.555000,1.0,0 days 01:02:51.083000,0 days 00:00:18.197000,0 days 00:00:38.495000,0 days 00:00:32.863000
VER,4.0,0 days 00:01:29.563000,1.0,0 days 01:04:20.646000,0 days 00:00:18.253000,0 days 00:00:38.441000,0 days 00:00:32.869000
VER,5.0,0 days 00:01:29.695000,1.0,0 days 01:05:50.341000,0 days 00:00:18.142000,0 days 00:00:38.529000,0 days 00:00:33.024000
VER,6.0,0 days 00:01:29.772000,1.0,0 days 01:07:20.113000,0 days 00:00:18.250000,0 days 00:00:38.579000,0 days 00:00:32.943000
VER,7.0,0 days 00:01:29.744000,1.0,0 days 01:08:49.857000,0 days 00:00:18.187000,0 days 00:00:38.496000,0 days 00:00:33.061000
VER,8.0,0 days 00:01:29.601000,1.0,0 days 01:10:19.458000,0 days 00:00:18.136000,0 days 00:00:38.420000,0 days 00:00:33.045000
VER,9.0,0 days 00:01:29.413000,1.0,0 days 01:11:48.871000,0 days 00:00:18.146000,0 days 00:00:38.494000,0 days 00:00:32.773000
VER,10.0,0 days 00:01:29.465000,1.0,0 days 01:13:18.336000,0 days 00:00:18.120000,0 days 00:00:38.396000,0 days 00:00:32.949000
VER,11.0,0 days 00:01:29.538000,1.0,0 days 01:14:47.874000,0 days 00:00:18.143000,0 days 00:00:38.496000,0 days 00:00:32.899000
VER,12.0,0 days 00:01:29.543000,1.0,0 days 01:16:17.417000,0 days 00:00:18.120000,0 days 00:00:38.567000,0 days 00:00:32.856000
VER,13.0,0 days 00:01:29.633000,1.0,0 days 01:17:47.050000,0 days 00:00:18.044000,0 days 00:00:38.531000,0 days 00:00:33.058000
VER,14.0,0 days 00:01:29.526000,1.0,0 days 01:19:16.576000,0 days 00:00:17.984000,0 days 00:00:38.599000,0 days 00:00:32.943000
VER,15.0,0 days 00:01:29.703000,1.0,0 days 01:20:46.279000,0 days 00:00:17.993000,0 days 00:00:38.622000,0 days 00:00:33.088000
VER,16.0,0 days 00:01:29.460000,1.0,0 days 01:22:15.739000,0 days 00:00:18.045000,0 days 00:00:38.597000,0 days 00:00:32.818000
VER,17.0,0 days 00:01:29.578000,1.0,0 days 01:23:45.317000,0 days 00:00:18.012000,0 days 00:00:38.682000,0 days 00:00:32.884000
VER,18.0,0 days 00:01:29.596000,1.0,0 days 01:25:14.913000,0 days 00:00:18.064000,0 days 00:00:38.646000,0 days 00:00:32.886000
VER,19.0,0 days 00:01:29.614000,1.0,0 days 01:26:44.527000,0 days 00:00:17.981000,0 days 00:00:38.709000,0 days 00:00:32.924000
VER,20.0,0 days 00:01:29.557000,1.0,0 days 01:28:14.084000,0 days 00:00:18.010000,0 days 00:00:38.667000,0 days 00:00:32.880000
VER,21.0,0 days 00:01:29.441000,1.0,0 days 01:29:43.525000,0 days 00:00:17.873000,0 days 00:00:38.788000,0 days 00:00:32.780000
VER,22.0,0 days 00:01:29.243000,1.0,0 days 01:31:12.768000,0 days 00:00:17.869000,0 days 00:00:38.589000,0 days 00:00:32.785000
VER,23.0,0 days 00:01:31.365000,1.0,0 days 01:32:44.133000,0 days 00:00:17.903000,0 days 00:00:38.590000,0 days 00:00:34.872000
VER,24.0,0 days 00:01:48.923000,2.0,0 days 01:34:33.056000,0 days 00:00:38.129000,0 days 00:00:38.518000,0 days 00:00:32.276000
VER,25.0,0 days 00:01:28.693000,2.0,0 days 01:36:01.749000,0 days 00:00:17.857000,0 days 00:00:38.251000,0 days 00:00:32.585000
VER,26.0,0 days 00:01:28.312000,2.0,0 days 01:37:30.061000,0 days 00:00:17.846000,0 days 00:00:38.185000,0 days 00:00:32.281000
VER,27.0,0 days 00:01:28.327000,2.0,0 days 01:38:58.388000,0 days 00:00:17.789000,0 days 00:00:38.265000,0 days 00:00:32.273000
VER,28.0,0 days 00:01:28.371000,2.0,0 days 01:40:26.759000,0 days 00:00:17.801000,0 days 00:00:38.338000,0 days 00:00:32.232000
VER,29.0,0 days 00:01:28.003000,2.0,0 days 01:41:54.762000,0 days 00:00:17.794000,0 days 00:00:38.125000,0 days 00:00:32.084000
VER,30.0,0 days 00:01:28.049000,2.0,0 days 01:43:22.811000,0 days 00:00:17.754000,0 days 00:00:38.208000,0 days 00:00:32.087000
VER,31.0,0 days 00:01:27.844000,2.0,0 days 01:44:50.655000,0 days 00:00:17.675000,0 days 00:00:38.108000,0 days 00:00:32.061000
VER,32.0,0 days 00:01:27.801000,2.0,0 days 01:46:18.456000,0 days 00:00:17.606000,0 days 00:00:38.134000,0 days 00:00:32.061000
VER,33.0,0 days 00:01:27.909000,2.0,0 days 01:47:46.365000,0 days 00:00:17.659000,0 days 00:00:38.100000,0 days 00:00:32.150000
VER,34.0,0 days 00:01:27.924000,2.0,0 days 01:49:14.289000,0 days 00:00:17.609000,0 days 00:00:38.255000,0 days 00:00:32.060000
VER,35.0,0 days 00:01:27.981000,2.0,0 days 01:50:42.270000,0 days 00:00:17.602000,0 days 00:00:38.119000,0 days 00:00:32.260000
VER,36.0,0 days 00:01:27.810000,2.0,0 days 01:52:10.080000,0 days 00:00:17.632000,0 days 00:00:38.041000,0 days 00:00:32.137000
VER,37.0,0 days 00:01:27.745000,2.0,0 days 01:53:37.825000,0 days 00:00:17.557000,0 days 00:00:38.156000,0 days 00:00:32.032000
VER,38.0,0 days 00:01:27.751000,2.0,0 days 01:55:05.576000,0 days 00:00:17.575000,0 days 00:00:38.148000,0 days 00:00:32.028000
VER,39.0,0 days 00:01:27.625000,2.0,0 days 01:56:33.201000,0 days 00:00:17.510000,0 days 00:00:38.035000,0 days 00:00:32.080000
VER,40.0,0 days 00:01:28.142000,2.0,0 days 01:58:01.343000,0 days 00:00:17.583000,0 days 00:00:38.257000,0 days 00:00:32.302000
VER,41.0,0 days 00:01:27.973000,1.0,0 days 01:59:29.316000,0 days 00:00:17.673000,0 days 00:00:38.052000,0 days 00:00:32.248000
VER,42.0,0 days 00:01:28.220000,1.0,0 days 02:00:57.536000,0 days 00:00:17.584000,0 days 00:00:38.400000,0 days 00:00:32.236000
VER,43.0,0 days 00:01:27.935000,1.0,0 days 02:02:25.471000,0 days 00:00:17.523000,0 days 00:00:38.375000,0 days 00:00:32.037000
VER,44.0,0 days 00:01:27.893000,1.0,0 days 02:03:53.364000,0 days 00:00:17.480000,0 days 00:00:38.303000,0 days 00:00:32.110000
VER,45.0,0 days 00:01:27.752000,1.0,0 days 02:05:21.116000,0 days 00:00:17.539000,0 days 00:00:38.283000,0 days 00:00:31.930000
VER,46.0,0 days 00:01:27.961000,1.0,0 days 02:06:49.077000,0 days 00:00:17.412000,0 days 00:00:38.324000,0 days 00:00:32.225000
VER,47.0,0 days 00:01:27.871000,1.0,0 days 02:08:16.948000,0 days 00:00:17.479000,0 days 00:00:38.241000,0 days 00:00:32.151000
VER,48.0,0 days 00:01:27.818000,1.0,0 days 02:09:44.766000,0 days 00:00:17.430000,0 days 00:00:38.268000,0 days 00:00:32.120000
VER,49.0,0 days 00:01:27.750000,1.0,0 days 02:11:12.516000,0 days 00:00:17.496000,0 days 00:00:38.185000,0 days 00:00:32.069000
VER,50.0,0 days 00:01:27.986000,1.0,0 days 02:12:40.502000,0 days 00:00:17.462000,0 days 00:00:38.300000,0 days 00:00:32.224000
VER,51.0,0 days 00:01:27.983000,1.0,0 days 02:14:08.485000,0 days 00:00:17.478000,0 days 00:00:38.204000,0 days 00:00:32.301000
VER,52.0,0 days 00:01:28.455000,1.0,0 days 02:15:36.940000,0 days 00:00:17.540000,0 days 00:00:38.512000,0 days 00:00:32.403000
VER,53.0,0 days 00:01:28.395000,1.0,0 days 02:17:05.335000,0 days 00:00:17.619000,0 days 00:00:38.348000,0 days 00:00:32.428000
VER,54.0,0 days 00:01:28.175000,1.0,0 days 02:18:33.510000,0 days 00:00:17.581000,0 days 00:00:38.408000,0 days 00:00:32.186000
VER,55.0,0 days 00:01:28.817000,1.0,0 days 02:20:02.327000,0 days 00:00:17.572000,0 days 00:00:38.594000,0 days 00:00:32.651000
VER,56.0,0 days 00:01:28.621000,1.0,0 days 02:21:30.948000,0 days 00:00:17.539000,0 days 00:00:38.458000,0 days 00:00:32.624000
VER,57.0,0 days 00:01:28.782000,1.0,0 days 02:22:59.730000,0 days 00:00:17.698000,0 days 00:00:38.444000,0 days 00:00:32.640000
VER,58.0,0 days 00:01:28.473000,1.0,0 days 02:24:28.203000,0 days 00:00:17.574000,0 days 00:00:38.453000,0 days 00:00:32.446000
PIA,1.0,0 days 00:01:32.906000,2.0,0 days 00:59:53.640000,,0 days 00:00:38.376000,0 days 00:00:32.983000
PIA,2.0,0 days 00:01:29.814000,2.0,0 days 01:01:23.454000,0 days 00:00:18.301000,0 days 00:00:38.534000,0 days 00:00:32.979000
PIA,3.0,0 days 00:01:29.525000,2.0,0 days 01:02:52.979000,0 days 00:00:18.106000,0 days 00:00:38.444000,0 days 00:00:32.975000
PIA,4.0,0 days 00:01:29.926000,2.0,0 days 01:04:22.905000,0 days 00:00:18.288000,0 days 00:00:38.523000,0 days 00:00:33.115000
PIA,5.0,0 days 00:01:29.758000,2.0,0 days 01:05:52.663000,0 days 00:00:18.242000,0 days 00:00:38.434000,0 days 00:00:33.082000
PIA,6.0,0 days 00:01:29.787000,2.0,0 days 01:07:22.450000,0 days 00:00:18.335000,0 days 00:00:38.487000,0 days 00:00:32.965000
PIA,7.0,0 days 00:01:29.568000,2.0,0 days 01:08:52.018000,0 days 00:00:18.125000,0 days 00:00:38.443000,0 days 00:00:33
PIA,8.0,0 days 00:01:29.496000,2.0,0 days 01:10:21.514000,0 days 00:00:18.208000,0 days 00:00:38.438000,0 days 00:00:32.850000
PIA,9.0,0 days 00:01:29.571000,2.0,0 days 01:11:51.085000,0 days 00:00:18.052000,0 days 00:00:38.576000,0 days 00:00:32.943000
PIA,10.0,0 days 00:01:29.468000,2.0,0 days 01:13:20.553000,0 days 00:00:18.018000,0 days 00:00:38.452000,0 days 00:00:32.998000
PIA,11.0,0 days 00:01:29.466000,2.0,0 days 01:14:50.019000,0 days 00:00:18.011000,0 days 00:00:38.507000,0 days 00:00:32.948000
PIA,12.0,0 days 00:01:29.492000,2.0,0 days 01:16:19.511000,0 days 00:00:18.021000,0 days 00:00:38.427000,0 days 00:00:33.044000
PIA,13.0,0 days 00:01:29.261000,2.0,0 days 01:17:48.772000,0 days 00:00:17.917000,0 days 00:00:38.443000,0 days 00:00:32.901000
PIA,14.0,0 days 00:01:29.625000,2.0,0 days 01:19:18.397000,0 days 00:00:17.870000,0 days 00:00:38.583000,0 days 00:00:33.172000
PIA,15.0,0 days 00:01:29.536000,2.0,0 days 01:20:47.933000,0 days 00:00:17.848000,0 days 00:00:38.700000,0 days 00:00:32.988000
PIA,16.0,0 days 00:01:29.681000,2.0,0 days 01:22:17.614000,0 days 00:00:17.974000,0 days 00:00:38.729000,0 days 00:00:32.978000
PIA,17.0,0 days 00:01:29.535000,2.0,0 days 01:23:47.149000,0 days 00:00:17.917000,0 days 00:00:38.628000,0 days 00:00:32.990000
PIA,18.0,0 days 00:01:29.557000,2.0,0 days 01:25:16.706000,0 days 00:00:17.908000,0 days 00:00:38.607000,0 days 00:00:33.042000
PIA,19.0,0 days 00:01:29.598000,2.0,0 days 01:26:46.304000,0 days 00:00:17.867000,0 days 00:00:38.683000,0 days 00:00:33.048000
PIA,20.0,0 days 00:01:29.892000,2.0,0 days 01:28:16.196000,0 days 00:00:18.025000,0 days 00:00:38.808000,0 days 00:00:33.059000
PIA,21.0,0 days 00:01:29.584000,2.0,0 days 01:29:45.780000,0 days 00:00:17.857000,0 days 00:00:38.564000,0 days 00:00:33.163000
PIA,22.0,0 days 00:01:29.503000,2.0,0 days 01:31:15.283000,0 days 00:00:17.891000,0 days 00:00:38.669000,0 days 00:00:32.943000
PIA,23.0,0 days 00:01:29.515000,2.0,0 days 01:32:44.798000,0 days 00:00:17.844000,0 days 00:00:38.630000,0 days 00:00:33.041000
PIA,24.0,0 days 00:01:29.435000,1.0,0 days 01:34:14.233000,0 days 00:00:17.841000,0 days 00:00:38.710000,0 days 00:00:32.884000
PIA,25.0,0 days 00:01:29.261000,1.0,0 days 01:35:43.494000,0 days 00:00:17.849000,0 days 00:00:38.617000,0 days 00:00:32.795000
PIA,26.0,0 days 00:01:29.492000,1.0,0 days 01:37:12.986000,0 days 00:00:17.871000,0 days 00:00:38.773000,0 days 00:00:32.848000
PIA,27.0,0 days 00:01:29.299000,1.0,0 days 01:38:42.285000,0 days 00:00:17.829000,0 days 00:00:38.604000,0 days 00:00:32.866000
PIA,28.0,0 days 00:01:29.004000,1.0,0 days 01:40:11.289000,0 days 00:00:17.814000,0 days 00:00:38.581000,0 days 00:00:32.609000
PIA,29.0,0 days 00:01:28.927000,1.0,0 days 01:41:40.216000,0 days 00:00:17.763000,0 days 00:00:38.444000,0 days 00:00:32.720000
PIA,30.0,0 days 00:01:29.119000,1.0,0 days 01:43:09.335000,0 days 00:00:17.841000,0 days 00:00:38.585000,0 days 00:00:32.693000
PIA,31.0,0 days 00:01:28.983000,1.0,0 days 01:44:38.318000,0 days 00:00:17.809000,0 days 00:00:38.500000,0 days 00:00:32.674000
PIA,32.0,0 days 00:01:29.001000,1.0,0 days 01:46:07.319000,0 days 00:00:17.747000,0 days 00:00:38.511000,0 days 00:00:32.743000
PIA,33.0,0 days 00:01:29.002000,1.0,0 days 01:47:36.321000,0 days 00:00:17.662000,0 days 00:00:38.664000,0 days 00:00:32.676000
PIA,34.0,0 days 00:01:29.313000,1.0,0 days 01:49:05.634000,0 days 00:00:17.743000,0 days 00:00:38.750000,0 days 00:00:32.820000
PIA,35.0,0 days 00:01:29.177000,1.0,0 days 01:50:34.811000,0 days 00:00:17.757000,0 days 00:00:38.740000,0 days 00:00:32.680000
PIA,36.0,0 days 00:01:29.009000,1.0,0 days 01:52:03.820000,0 days 00:00:17.703000,0 days 00:00:38.667000,0 days 00:00:32.639000
PIA,37.0,0 days 00:01:29.126000,1.0,0 days 01:53:32.946000,0 days 00:00:17.732000,0 days 00:00:38.710000,0 days 00:00:32.684000
PIA,38.0,0 days 00:01:29.106000,1.0,0 days 01:55:02.052000,0 days 00:00:17.759000,0 days 00:00:38.708000,0 days 00:00:32.639000
PIA,39.0,0 days 00:01:29.260000,1.0,0 days 01:56:31.312000,0 days 00:00:17.688000,0 days 00:00:38.680000,0 days 00:00:32.892000
PIA,40.0,0 days 00:01:29.388000,1.0,0 days 01:58:00.700000,0 days 00:00:17.796000,0 days 00:00:38.701000,0 days 00:00:32.891000
PIA,41.0,0 days 00:01:32.723000,2.0,0 days 01:59:33.423000,0 days 00:00:17.759000,0 days 00:00:38.944000,0 days 00:00:36.020000
PIA,42.0,0 days 00:01:48.367000,2.0,0 days 02:01:21.790000,0 days 00:00:38.028000,0 days 00:00:38.313000,0 days 00:00:32.026000
PIA,43.0,0 days 00:01:27.369000,2.0,0 days 02:02:49.159000,0 days 00:00:17.712000,0 days 00:00:38.069000,0 days 00:00:31.588000
PIA,44.0,0 days 00:01:26.765000,2.0,0 days 02:04:15.924000,0 days 00:00:17.512000,0 days 00:00:37.820000,0 days 00:00:31.433000
PIA,45.0,0 days 00:01:27.392000,2.0,0 days 02:05:43.316000,0 days 00:00:17.442000,0 days 00:00:38.100000,0 days 00:00:31.850000
PIA,46.0,0 days 00:01:26.965000,2.0,0 days 02:07:10.281000,0 days 00:00:17.455000,0 days 00:00:38.010000,0 days 00:00:31.500000
PIA,47.0,0 days 00:01:26.994000,2.0,0 days 02:08:37.275000,0 days 00:00:17.373000,0 days 00:00:38.021000,0 days 00:00:31.600000
PIA,48.0,0 days 00:01:27.022000,2.0,0 days 02:10:04.297000,0 days 00:00:17.399000,0 days 00:00:37.940000,0 days 00:00:31.683000
PIA,49.0,0 days 00:01:27.112000,2.0,0 days 02:11:31.409000,0 days 00:00:17.286000,0 days 00:00:38.044000,0 days 00:00:31.782000
PIA,50.0,0 days 00:01:27.039000,2.0,0 days 02:12:58.448000,0 days 00:00:17.325000,0 days 00:00:38.053000,0 days 00:00:31.661000
PIA,51.0,0 days 00:01:27.312000,2.0,0 days 02:14:25.760000,0 days 00:00:17.370000,0 days 00:00:38.196000,0 days 00:00:31.746000
PIA,52.0,0 days 00:01:27.498000,2.0,0 days 02:15:53.258000,0 days 00:00:17.383000,0 days 00:00:38.202000,0 days 00:00:31.913000
PIA,53.0,0 days 00:01:27.527000,2.0,0 days 02:17:20.785000,0 days 00:00:17.472000,0 days 00:00:38.140000,0 days 00:00:31.915000
PIA,54.0,0 days 00:01:27.744000,2.0,0 days 02:18:48.529000,0 days 00:00:17.532000,0 days 00:00:38.127000,0 days 00:00:32.085000
PIA,55.0,0 days 00:01:27.790000,2.0,0 days 02:20:16.319000,0 days 00:00:17.483000,0 days 00:00:38.250000,0 days 00:00:32.057000
PIA,56.0,0 days 00:01:27.998000,2.0,0 days 02:21:44.317000,0 days 00:00:17.450000,0 days 00:00:38.254000,0 days 00:00:32.294000
PIA,57.0,0 days 00:01:28.406000,2.0,0 days 02:23:12.723000,0 days 00:00:17.596000,0 days 00:00:38.278000,0 days 00:00:32.532000
PIA,58.0,0 days 00:01:28.074000,2.0,0 days 02:24:40.797000,0 days 00:00:17.645000,0 days 00:00:38.275000,0 days 00:00:32.154000
NOR,1.0,0 days 00:01:33.952000,3.0,0 days 00:59:54.686000,,0 days 00:00:38.680000,0 days 00:00:34.027000
NOR,2.0,0 days 00:01:29.893000,3.0,0 days 01:01:24.579000,0 days 00:00:18.300000,0 days 00:00:38.239000,0 days 00:00:33.354000
NOR,3.0,0 days 00:01:29.860000,3.0,0 days 01:02:54.439000,0 days 00:00:18.056000,0 days 00:00:38.536000,0 days 00:00:33.268000
NOR,4.0,0 days 00:01:29.841000,3.0,0 days 01:04:24.280000,0 days 00:00:18.031000,0 days 00:00:38.550000,0 days 00:00:33.260000
NOR,5.0,0 days 00:01:29.818000,3.0,0 days 01:05:54.098000,0 days 00:00:17.917000,0 days 00:00:38.762000,0 days 00:00:33.139000
NOR,6.0,0 days 00:01:29.820000,3.0,0 days 01:07:23.918000,0 days 00:00:18.113000,0 days 00:00:38.582000,0 days 00:00:33.125000
NOR,7.0,0 days 00:01:29.817000,3.0,0 days 01:08:53.735000,0 days 00:00:18.053000,0 days 00:00:38.655000,0 days 00:00:33.109000
NOR,8.0,0 days 00:01:29.510000,3.0,0 days 01:10:23.245000,0 days 00:00:17.997000,0 days 00:00:38.429000,0 days 00:00:33.084000
NOR,9.0,0 days 00:01:29.527000,3.0,0 days 01:11:52.772000,0 days 00:00:17.897000,0 days 00:00:38.657000,0 days 00:00:32.973000
NOR,10.0,0 days 00:01:29.635000,3.0,0 days 01:13:22.407000,0 days 00:00:17.958000,0 days 00:00:38.627000,0 days 00:00:33.050000
NOR,11.0,0 days 00:01:29.821000,3.0,0 days 01:14:52.228000,0 days 00:00:17.950000,0 days 00:00:38.680000,0 days 00:00:33.191000
NOR,12.0,0 days 00:01:29.682000,3.0,0 days 01:16:21.910000,0 days 00:00:17.967000,0 days 00:00:38.585000,0 days 00:00:33.130000
NOR,13.0,0 days 00:01:29.745000,3.0,0 days 01:17:51.655000,0 days 00:00:18.011000,0 days 00:00:38.648000,0 days 00:00:33.086000
NOR,14.0,0 days 00:01:30.061000,3.0,0 days 01:19:21.716000,0 days 00:00:18.080000,0 days 00:00:38.822000,0 days 00:00:33.159000
NOR,15.0,0 days 00:01:29.590000,3.0,0 days 01:20:51.306000,0 days 00:00:17.972000,0 days 00:00:38.655000,0 days 00:00:32.963000
NOR,16.0,0 days 00:01:31.722000,3.0,0 days 01:22:23.028000,0 days 00:00:17.984000,0 days 00:00:38.821000,0 days 00:00:34.917000
NOR,17.0,0 days 00:01:50.319000,9.0,0 days 01:24:13.347000,0 days 00:00:37.858000,0 days 00:00:38.405000,0 days 00:00:34.056000
NOR,18.0,0 days 00:01:29.958000,7.0,0 days 01:25:43.305000,0 days 00:00:18.213000,0 days 00:00:38.198000,0 days 00:00:33.547000
NOR,19.0,0 days 00:01:29.681000,5.0,0 days 01:27:12.986000,0 days 00:00:18.059000,0 days 00:00:38.307000,0 days 00:00:33.315000
NOR,20.0,0 days 00:01:29.528000,4.0,0 days 01:28:42.514000,0 days 00:00:17.976000,0 days 00:00:38.651000,0 days 00:00:32.901000
NOR,21.0,0 days 00:01:29.133000,4.0,0 days 01:30:11.647000,0 days 00:00:17.918000,0 days 00:00:38.459000,0 days 00:00:32.756000
NOR,22.0,0 days 00:01:28.983000,4.0,0 days 01:31:40.630000,0 days 00:00:17.928000,0 days 00:00:38.270000,0 days 00:00:32.785000
NOR,23.0,0 days 00:01:28.828000,3.0,0 days 01:33:09.458000,0 days 00:00:17.697000,0 days 00:00:38.246000,0 days 00:00:32.885000
NOR,24.0,0 days 00:01:28.875000,3.0,0 days 01:34:38.333000,0 days 00:00:17.845000,0 days 00:00:38.431000,0 days 00:00:32.599000
NOR,25.0,0 days 00:01:28.355000,3.0,0 days 01:36:06.688000,0 days 00:00:17.785000,0 days 00:00:38.051000,0 days 00:00:32.519000
NOR,26.0,0 days 00:01:28.486000,3.0,0 days 01:37:35.174000,0 days 00:00:17.909000,0 days 00:00:38.157000,0 days 00:00:32.420000
NOR,27.0,0 days 00:01:27.998000,3.0,0 days 01:39:03.172000,0 days 00:00:17.705000,0 days 00:00:38.104000,0 days 00:00:32.189000
NOR,28.0,0 days 00:01:28.202000,3.0,0 days 01:40:31.374000,0 days 00:00:17.723000,0 days 00:00:38.085000,0 days 00:00:32.394000
NOR,29.0,0 days 00:01:28.132000,3.0,0 days 01:41:59.506000,0 days 00:00:17.759000,0 days 00:00:38.098000,0 days 00:00:32.275000
NOR,30.0,0 days 00:01:28.066000,3.0,0 days 01:43:27.572000,0 days 00:00:17.696000,0 days 00:00:38.196000,0 days 00:00:32.174000
NOR,31.0,0 days 00:01:28.153000,3.0,0 days 01:44:55.725000,0 days 00:00:17.643000,0 days 00:00:38.096000,0 days 00:00:32.414000
NOR,32.0,0 days 00:01:28.374000,3.0,0 days 01:46:24.099000,0 days 00:00:17.755000,0 days 00:00:38.212000,0 days 00:00:32.407000
NOR,33.0,0 days 00:01:28.081000,3.0,0 days 01:47:52.180000,0 days 00:00:17.716000,0 days 00:00:38.041000,0 days 00:00:32.324000
NOR,34.0,0 days 00:01:28.108000,3.0,0 days 01:49:20.288000,0 days 00:00:17.655000,0 days 00:00:38.149000,0 days 00:00:32.304000
NOR,35.0,0 days 00:01:27.971000,3.0,0 days 01:50:48.259000,0 days 00:00:17.634000,0 days 00:00:38.070000,0 days 00:00:32.267000
NOR,36.0,0 days 00:01:27.841000,3.0,0 days 01:52:16.100000,0 days 00:00:17.584000,0 days 00:00:38.041000,0 days 00:00:32.216000
NOR,37.0,0 days 00:01:27.814000,3.0,0 days 01:53:43.914000,0 days 00:00:17.538000,0 days 00:00:38.058000,0 days 00:00:32.218000
NOR,38.0,0 days 00:01:27.998000,3.0,0 days 01:55:11.912000,0 days 00:00:17.626000,0 days 00:00:38.138000,0 days 00:00:32.234000
NOR,39.0,0 days 00:01:28.068000,3.0,0 days 01:56:39.980000,0 days 00:00:17.574000,0 days 00:00:38.208000,0 days 00:00:32.286000
NOR,40.0,0 days 00:01:30.069000,3.0,0 days 01:58:10.049000,0 days 00:00:17.505000,0 days 00:00:38.172000,0 days 00:00:34.392000
NOR,41.0,0 days 00:01:48.266000,3.0,0 days 01:59:58.315000,0 days 00:00:37.840000,0 days 00:00:38.281000,0 days 00:00:32.145000
NOR,42.0,0 days 00:01:28.191000,3.0,0 days 02:01:26.506000,0 days 00:00:17.929000,0 days 00:00:38.129000,0 days 00:00:32.133000
NOR,43.0,0 days 00:01:27.829000,3.0,0 days 02:02:54.335000,0 days 00:00:17.796000,0 days 00:00:37.988000,0 days 00:00:32.045000
NOR,44.0,0 days 00:01:26.834000,3.0,0 days 02:04:21.169000,0 days 00:00:17.462000,0 days 00:00:37.775000,0 days 00:00:31.597000
NOR,45.0,0 days 00:01:26.953000,3.0,0 days 02:05:48.122000,0 days 00:00:17.438000,0 days 00:00:37.739000,0 days 00:00:31.776000
NOR,46.0,0 days 00:01:27.074000,3.0,0 days 02:07:15.196000,0 days 00:00:17.319000,0 days 00:00:38.110000,0 days 00:00:31.645000
NOR,47.0,0 days 00:01:26.867000,3.0,0 days 02:08:42.063000,0 days 00:00:17.292000,0 days 00:00:37.797000,0 days 00:00:31.778000
NOR,48.0,0 days 00:01:26.818000,3.0,0 days 02:10:08.881000,0 days 00:00:17.341000,0 days 00:00:37.750000,0 days 00:00:31.727000
NOR,49.0,0 days 00:01:26.907000,3.0,0 days 02:11:35.788000,0 days 00:00:17.365000,0 days 00:00:37.843000,0 days 00:00:31.699000
NOR,50.0,0 days 00:01:26.968000,3.0,0 days 02:13:02.756000,0 days 00:00:17.402000,0 days 00:00:37.836000,0 days 00:00:31.730000
NOR,51.0,0 days 00:01:27.277000,3.0,0 days 02:14:30.033000,0 days 00:00:17.342000,0 days 00:00:37.983000,0 days 00:00:31.952000
NOR,52.0,0 days 00:01:26.895000,3.0,0 days 02:15:56.928000,0 days 00:00:17.272000,0 days 00:00:37.843000,0 days 00:00:31.780000
NOR,53.0,0 days 00:01:27.080000,3.0,0 days 02:17:24.008000,0 days 00:00:17.322000,0 days 00:00:37.901000,0 days 00:00:31.857000
NOR,54.0,0 days 00:01:27.144000,3.0,0 days 02:18:51.152000,0 days 00:00:17.351000,0 days 00:00:37.825000,0 days 00:00:31.968000
NOR,55.0,0 days 00:01:27.975000,3.0,0 days 02:20:19.127000,0 days 00:00:17.362000,0 days 00:00:38.145000,0 days 00:00:32.468000
NOR,56.0,0 days 00:01:28.226000,3.0,0 days 02:21:47.353000,0 days 00:00:17.420000,0 days 00:00:38.271000,0 days 00:00:32.535000
NOR,57.0,0 days 00:01:28.435000,3.0,0 days 02:23:15.788000,0 days 00:00:17.585000,0 days 00:00:38.335000,0 days 00:00:32.515000
NOR,58.0,0 days 00:01:28.987000,3.0,0 days 02:24:44.775000,0 days 00:00:17.691000,0 days 00:00:38.287000,0 days 00:00:33.009000
LEC,1.0,0 days 00:01:34.624000,4.0,0 days 00:59:55.358000,,0 days 00:00:38.861000,0 days 00:00:33.830000
LEC,2.0,0 days 00:01:30.087000,4.0,0 days 01:01:25.445000,0 days 00:00:18.219000,0 days 00:00:38,0 days 00:00:33.868000
LEC,3.0,0 days 00:01:29.681000,4.0,0 days 01:02:55.126000,0 days 00:00:18.095000,0 days 00:00:38.082000,0 days 00:00:33.504000
LEC,4.0,0 days 00:01:29.943000,4.0,0 days 01:04:25.069000,0 days 00:00:18.083000,0 days 00:00:37.904000,0 days 00:00:33.956000
LEC,5.0,0 days 00:01:30.062000,4.0,0 days 01:05:55.131000,0 days 00:00:18.189000,0 days 00:00:38.294000,0 days 00:00:33.579000
LEC,6.0,0 days 00:01:29.739000,4.0,0 days 01:07:24.870000,0 days 00:00:18.255000,0 days 00:00:38.073000,0 days 00:00:33.411000
LEC,7.0,0 days 00:01:29.671000,4.0,0 days 01:08:54.541000,0 days 00:00:17.991000,0 days 00:00:38.179000,0 days 00:00:33.501000
LEC,8.0,0 days 00:01:29.606000,4.0,0 days 01:10:24.147000,0 days 00:00:18.134000,0 days 00:00:37.747000,0 days 00:00:33.725000
LEC,9.0,0 days 00:01:29.654000,4.0,0 days 01:11:53.801000,0 days 00:00:18.189000,0 days 00:00:38.265000,0 days 00:00:33.200000
LEC,10.0,0 days 00:01:29.630000,4.0,0 days 01:13:23.431000,0 days 00:00:18.081000,0 days 00:00:38.164000,0 days 00:00:33.385000
LEC,11.0,0 days 00:01:29.909000,4.0,0 days 01:14:53.340000,0 days 00:00:18.173000,0 days 00:00:38.497000,0 days 00:00:33.239000
LEC,12.0,0 days 00:01:30.057000,4.0,0 days 01:16:23.397000,0 days 00:00:18.166000,0 days 00:00:38.564000,0 days 00:00:33.327000
LEC,13.0,0 days 00:01:29.938000,4.0,0 days 01:17:53.335000,0 days 00:00:18.112000,0 days 00:00:38.630000,0 days 00:00:33.196000
LEC,14.0,0 days 00:01:30.054000,4.0,0 days 01:19:23.389000,0 days 00:00:18.117000,0 days 00:00:38.610000,0 days 00:00:33.327000
LEC,15.0,0 days 00:01:29.998000,4.0,0 days 01:20:53.387000,0 days 00:00:18.177000,0 days 00:00:38.581000,0 days 00:00:33.240000
LEC,16.0,0 days 00:01:31.990000,4.0,0 days 01:22:25.377000,0 days 00:00:18.139000,0 days 00:00:38.786000,0 days 00:00:35.065000
LEC,17.0,0 days 00:01:50.216000,10.0,0 days 01:24:15.593000,0 days 00:00:38.568000,0 days 00:00:38.630000,0 days 00:00:33.018000
LEC,18.0,0 days 00:01:29.872000,9.0,0 days 01:25:45.465000,0 days 00:00:18.146000,0 days 00:00:38.171000,0 days 00:00:33.555000
LEC,19.0,0 days 00:01:29.529000,8.0,0 days 01:27:14.994000,0 days 00:00:18.065000,0 days 00:00:37.808000,0 days 00:00:33.656000
LEC,20.0,0 days 00:01:29.256000,5.0,0 days 01:28:44.250000,0 days 00:00:18.169000,0 days 00:00:38.096000,0 days 00:00:32.991000
LEC,21.0,0 days 00:01:29.055000,5.0,0 days 01:30:13.305000,0 days 00:00:17.996000,0 days 00:00:38.316000,0 days 00:00:32.743000
LEC,22.0,0 days 00:01:28.891000,5.0,0 days 01:31:42.196000,0 days 00:00:17.921000,0 days 00:00:38.183000,0 days 00:00:32.787000
LEC,23.0,0 days 00:01:29.595000,5.0,0 days 01:33:11.791000,0 days 00:00:17.890000,0 days 00:00:38.177000,0 days 00:00:33.528000
LEC,24.0,0 days 00:01:29.019000,4.0,0 days 01:34:40.810000,0 days 00:00:18.219000,0 days 00:00:38.129000,0 days 00:00:32.671000
LEC,25.0,0 days 00:01:28.171000,4.0,0 days 01:36:08.981000,0 days 00:00:17.876000,0 days 00:00:38.034000,0 days 00:00:32.261000
LEC,26.0,0 days 00:01:28.044000,4.0,0 days 01:37:37.025000,0 days 00:00:17.827000,0 days 00:00:38.004000,0 days 00:00:32.213000
LEC,27.0,0 days 00:01:28.098000,4.0,0 days 01:39:05.123000,0 days 00:00:17.819000,0 days 00:00:37.957000,0 days 00:00:32.322000
LEC,28.0,0 days 00:01:28.149000,4.0,0 days 01:40:33.272000,0 days 00:00:17.786000,0 days 00:00:37.998000,0 days 00:00:32.365000
LEC,29.0,0 days 00:01:28.391000,4.0,0 days 01:42:01.663000,0 days 00:00:17.818000,0 days 00:00:38.090000,0 days 00:00:32.483000
LEC,30.0,0 days 00:01:28.471000,4.0,0 days 01:43:30.134000,0 days 00:00:17.815000,0 days 00:00:38.129000,0 days 00:00:32.527000
LEC,31.0,0 days 00:01:28.548000,4.0,0 days 01:44:58.682000,0 days 00:00:17.832000,0 days 00:00:38.154000,0 days 00:00:32.562000
LEC,32.0,0 days 00:01:28.854000,4.0,0 days 01:46:27.536000,0 days 00:00:18.039000,0 days 00:00:38.192000,0 days 00:00:32.623000
LEC,33.0,0 days 00:01:28.664000,4.0,0 days 01:47:56.200000,0 days 00:00:17.899000,0 days 00:00:38.124000,0 days 00:00:32.641000
LEC,34.0,0 days 00:01:28.580000,4.0,0 days 01:49:24.780000,0 days 00:00:17.864000,0 days 00:00:38.064000,0 days 00:00:32.652000
LEC,35.0,0 days 00:01:28.453000,4.0,0 days 01:50:53.233000,0 days 00:00:17.867000,0 days 00:00:38.127000,0 days 00:00:32.459000
LEC,36.0,0 days 00:01:28.303000,4.0,0 days 01:52:21.536000,0 days 00:00:17.800000,0 days 00:00:38.076000,0 days 00:00:32.427000
LEC,37.0,0 days 00:01:28.350000,4.0,0 days 01:53:49.886000,0 days 00:00:17.784000,0 days 00:00:38.133000,0 days 00:00:32.433000
LEC,38.0,0 days 00:01:28.152000,4.0,0 days 01:55:18.038000,0 days 00:00:17.762000,0 days 00:00:38.069000,0 days 00:00:32.321000
LEC,39.0,0 days 00:01:30.239000,4.0,0 days 01:56:48.277000,0 days 00:00:17.835000,0 days 00:00:38.244000,0 days 00:00:34.160000
LEC,40.0,0 days 00:01:48.177000,5.0,0 days 01:58:36.454000,0 days 00:00:37.907000,0 days 00:00:38.143000,0 days 00:00:32.127000
LEC,41.0,0 days 00:01:28.125000,5.0,0 days 02:00:04.579000,0 days 00:00:17.678000,0 days 00:00:37.693000,0 days 00:00:32.754000
LEC,42.0,0 days 00:01:27.269000,4.0,0 days 02:01:31.848000,0 days 00:00:17.856000,0 days 00:00:37.661000,0 days 00:00:31.752000
LEC,43.0,0 days 00:01:26.919000,4.0,0 days 02:02:58.767000,0 days 00:00:17.505000,0 days 00:00:37.677000,0 days 00:00:31.737000
LEC,44.0,0 days 00:01:26.847000,4.0,0 days 02:04:25.614000,0 days 00:00:17.540000,0 days 00:00:37.649000,0 days 00:00:31.658000
LEC,45.0,0 days 00:01:26.725000,4.0,0 days 02:05:52.339000,0 days 00:00:17.525000,0 days 00:00:37.608000,0 days 00:00:31.592000
LEC,46.0,0 days 00:01:26.856000,4.0,0 days 02:07:19.195000,0 days 00:00:17.478000,0 days 00:00:37.611000,0 days 00:00:31.767000
LEC,47.0,0 days 00:01:26.974000,4.0,0 days 02:08:46.169000,0 days 00:00:17.467000,0 days 00:00:37.695000,0 days 00:00:31.812000
LEC,48.0,0 days 00:01:26.845000,4.0,0 days 02:10:13.014000,0 days 00:00:17.499000,0 days 00:00:37.658000,0 days 00:00:31.688000
LEC,49.0,0 days 00:01:26.936000,4.0,0 days 02:11:39.950000,0 days 00:00:17.506000,0 days 00:00:37.622000,0 days 00:00:31.808000
LEC,50.0,0 days 00:01:27.213000,4.0,0 days 02:13:07.163000,0 days 00:00:17.554000,0 days 00:00:37.827000,0 days 00:00:31.832000
LEC,51.0,0 days 00:01:27.376000,4.0,0 days 02:14:34.539000,0 days 00:00:17.477000,0 days 00:00:37.829000,0 days 00:00:32.070000
LEC,52.0,0 days 00:01:27.550000,4.0,0 days 02:16:02.089000,0 days 00:00:17.588000,0 days 00:00:37.877000,0 days 00:00:32.085000
LEC,53.0,0 days 00:01:29.005000,4.0,0 days 02:17:31.094000,0 days 00:00:17.694000,0 days 00:00:38.156000,0 days 00:00:33.155000
LEC,54.0,0 days 00:01:28.291000,4.0,0 days 02:18:59.385000,0 days 00:00:17.804000,0 days 00:00:38.068000,0 days 00:00:32.419000
LEC,55.0,0 days 00:01:28.195000,4.0,0 days 02:20:27.580000,0 days 00:00:17.913000,0 days 00:00:37.964000,0 days 00:00:32.318000
LEC,56.0,0 days 00:01:27.464000,4.0,0 days 02:21:55.044000,0 days 00:00:17.581000,0 days 00:00:37.718000,0 days 00:00:32.165000
LEC,57.0,0 days 00:01:28.165000,4.0,0 days 02:23:23.209000,0 days 00:00:17.641000,0 days 00:00:38.021000,0 days 00:00:32.503000
LEC,58.0,0 days 00:01:28.273000,4.0,0 days 02:24:51.482000,0 days 00:00:17.673000,0 days 00:00:37.851000,0 days 00:00:32.749000
RUS,1.0,0 days 00:01:35.453000,6.0,0 days 00:59:56.187000,,0 days 00:00:39.053000,0 days 00:00:33.890000
RUS,2.0,0 days 00:01:30.629000,6.0,0 days 01:01:26.816000,0 days 00:00:18.205000,0 days 00:00:38.156000,0 days 00:00:34.268000
RUS,3.0,0 days 00:01:30.067000,6.0,0 days 01:02:56.883000,0 days 00:00:18.098000,0 days 00:00:37.961000,0 days 00:00:34.008000
RUS,4.0,0 days 00:01:29.337000,5.0,0 days 01:04:26.220000,0 days 00:00:17.944000,0 days 00:00:37.971000,0 days 00:00:33.422000
RUS,5.0,0 days 00:01:29.989000,5.0,0 days 01:05:56.209000,0 days 00:00:18.020000,0 days 00:00:38.431000,0 days 00:00:33.538000
RUS,6.0,0 days 00:01:29.929000,5.0,0 days 01:07:26.138000,0 days 00:00:18.088000,0 days 00:00:38.414000,0 days 00:00:33.427000
RUS,7.0,0 days 00:01:29.759000,5.0,0 days 01:08:55.897000,0 days 00:00:17.993000,0 days 00:00:38.472000,0 days 00:00:33.294000
RUS,8.0,0 days 00:01:30.124000,5.0,0 days 01:10:26.021000,0 days 00:00:18.046000,0 days 00:00:38.364000,0 days 00:00:33.714000
RUS,9.0,0 days 00:01:30.205000,5.0,0 days 01:11:56.226000,0 days 00:00:18.130000,0 days 00:00:38.599000,0 days 00:00:33.476000
RUS,10.0,0 days 00:01:30.006000,5.0,0 days 01:13:26.232000,0 days 00:00:18.021000,0 days 00:00:38.596000,0 days 00:00:33.389000
RUS,11.0,0 days 00:01:30.044000,5.0,0 days 01:14:56.276000,0 days 00:00:18.029000,0 days 00:00:38.644000,0 days 00:00:33.371000
RUS,12.0,0 days 00:01:30.095000,5.0,0 days 01:16:26.371000,0 days 00:00:18.003000,0 days 00:00:38.600000,0 days 00:00:33.492000
RUS,13.0,0 days 00:01:30.060000,5.0,0 days 01:17:56.431000,0 days 00:00:18.025000,0 days 00:00:38.626000,0 days 00:00:33.409000
RUS,14.0,0 days 00:01:32.081000,6.0,0 days 01:19:28.512000,0 days 00:00:18.104000,0 days 00:00:38.906000,0 days 00:00:35.071000
RUS,15.0,0 days 00:01:49.453000,13.0,0 days 01:21:17.965000,0 days 00:00:38.526000,0 days 00:00:37.930000,0 days 00:00:32.997000
RUS,16.0,0 days 00:01:28.648000,12.0,0 days 01:22:46.613000,0 days 00:00:17.839000,0 days 00:00:38.094000,0 days 00:00:32.715000
RUS,17.0,0 days 00:01:30.035000,11.0,0 days 01:24:16.648000,0 days 00:00:17.825000,0 days 00:00:38.209000,0 days 00:00:34.001000
RUS,18.0,0 days 00:01:29.857000,11.0,0 days 01:25:46.505000,0 days 00:00:18.180000,0 days 00:00:38.354000,0 days 00:00:33.323000
RUS,19.0,0 days 00:01:30.191000,10.0,0 days 01:27:16.696000,0 days 00:00:18.090000,0 days 00:00:38.385000,0 days 00:00:33.716000
RUS,20.0,0 days 00:01:30.286000,8.0,0 days 01:28:46.982000,0 days 00:00:18.156000,0 days 00:00:38.197000,0 days 00:00:33.933000
RUS,21.0,0 days 00:01:30.065000,6.0,0 days 01:30:17.047000,0 days 00:00:18.168000,0 days 00:00:38.395000,0 days 00:00:33.502000
RUS,22.0,0 days 00:01:29.399000,6.0,0 days 01:31:46.446000,0 days 00:00:17.988000,0 days 00:00:38.368000,0 days 00:00:33.043000
RUS,23.0,0 days 00:01:29.648000,6.0,0 days 01:33:16.094000,0 days 00:00:18.042000,0 days 00:00:38.375000,0 days 00:00:33.231000
RUS,24.0,0 days 00:01:29.589000,6.0,0 days 01:34:45.683000,0 days 00:00:18.043000,0 days 00:00:38.395000,0 days 00:00:33.151000
RUS,25.0,0 days 00:01:29.320000,6.0,0 days 01:36:15.003000,0 days 00:00:17.886000,0 days 00:00:38.312000,0 days 00:00:33.122000
RUS,26.0,0 days 00:01:29.431000,6.0,0 days 01:37:44.434000,0 days 00:00:17.912000,0 days 00:00:38.450000,0 days 00:00:33.069000
RUS,27.0,0 days 00:01:29.682000,6.0,0 days 01:39:14.116000,0 days 00:00:17.904000,0 days 00:00:38.400000,0 days 00:00:33.378000
RUS,28.0,0 days 00:01:29.750000,6.0,0 days 01:40:43.866000,0 days 00:00:17.906000,0 days 00:00:37.849000,0 days 00:00:33.995000
RUS,29.0,0 days 00:01:28.818000,5.0,0 days 01:42:12.684000,0 days 00:00:17.902000,0 days 00:00:37.930000,0 days 00:00:32.986000
RUS,30.0,0 days 00:01:29.010000,5.0,0 days 01:43:41.694000,0 days 00:00:17.769000,0 days 00:00:38.386000,0 days 00:00:32.855000
RUS,31.0,0 days 00:01:29.144000,5.0,0 days 01:45:10.838000,0 days 00:00:17.776000,0 days 00:00:38.380000,0 days 00:00:32.988000
RUS,32.0,0 days 00:01:29.166000,5.0,0 days 01:46:40.004000,0 days 00:00:17.764000,0 days 00:00:38.336000,0 days 00:00:33.066000
RUS,33.0,0 days 00:01:29.698000,5.0,0 days 01:48:09.702000,0 days 00:00:17.837000,0 days 00:00:38.770000,0 days 00:00:33.091000
RUS,34.0,0 days 00:01:29.485000,5.0,0 days 01:49:39.187000,0 days 00:00:17.848000,0 days 00:00:38.601000,0 days 00:00:33.036000
RUS,35.0,0 days 00:01:29.405000,5.0,0 days 01:51:08.592000,0 days 00:00:17.902000,0 days 00:00:38.533000,0 days 00:00:32.970000
RUS,36.0,0 days 00:01:29.377000,5.0,0 days 01:52:37.969000,0 days 00:00:17.768000,0 days 00:00:38.585000,0 days 00:00:33.024000
RUS,37.0,0 days 00:01:29.348000,5.0,0 days 01:54:07.317000,0 days 00:00:17.811000,0 days 00:00:38.486000,0 days 00:00:33.051000
RUS,38.0,0 days 00:01:29.064000,5.0,0 days 01:55:36.381000,0 days 00:00:17.765000,0 days 00:00:38.447000,0 days 00:00:32.852000
RUS,39.0,0 days 00:01:29.157000,5.0,0 days 01:57:05.538000,0 days 00:00:17.761000,0 days 00:00:38.362000,0 days 00:00:33.034000
RUS,40.0,0 days 00:01:29.278000,4.0,0 days 01:58:34.816000,0 days 00:00:17.824000,0 days 00:00:38.497000,0 days 00:00:32.957000
RUS,41.0,0 days 00:01:29.300000,4.0,0 days 02:00:04.116000,0 days 00:00:17.742000,0 days 00:00:38.520000,0 days 00:00:33.038000
RUS,42.0,0 days 00:01:29.981000,5.0,0 days 02:01:34.097000,0 days 00:00:17.768000,0 days 00:00:38.523000,0 days 00:00:33.690000
RUS,43.0,0 days 00:01:29.457000,5.0,0 days 02:03:03.554000,0 days 00:00:17.784000,0 days 00:00:38.555000,0 days 00:00:33.118000
RUS,44.0,0 days 00:01:28.818000,5.0,0 days 02:04:32.372000,0 days 00:00:17.701000,0 days 00:00:38.267000,0 days 00:00:32.850000
RUS,45.0,0 days 00:01:29.132000,5.0,0 days 02:06:01.504000,0 days 00:00:17.737000,0 days 00:00:38.429000,0 days 00:00:32.966000
RUS,46.0,0 days 00:01:28.944000,5.0,0 days 02:07:30.448000,0 days 00:00:17.711000,0 days 00:00:38.387000,0 days 00:00:32.846000
RUS,47.0,0 days 00:01:29.062000,5.0,0 days 02:08:59.510000,0 days 00:00:17.735000,0 days 00:00:38.370000,0 days 00:00:32.957000
RUS,48.0,0 days 00:01:28.922000,5.0,0 days 02:10:28.432000,0 days 00:00:17.745000,0 days 00:00:38.402000,0 days 00:00:32.775000
RUS,49.0,0 days 00:01:28.773000,5.0,0 days 02:11:57.205000,0 days 00:00:17.751000,0 days 00:00:38.288000,0 days 00:00:32.734000
RUS,50.0,0 days 00:01:29.088000,5.0,0 days 02:13:26.293000,0 days 00:00:17.688000,0 days 00:00:38.353000,0 days 00:00:33.047000
RUS,51.0,0 days 00:01:28.789000,5.0,0 days 02:14:55.082000,0 days 00:00:17.738000,0 days 00:00:38.280000,0 days 00:00:32.771000
RUS,52.0,0 days 00:01:29.041000,5.0,0 days 02:16:24.123000,0 days 00:00:17.628000,0 days 00:00:38.424000,0 days 00:00:32.989000
RUS,53.0,0 days 00:01:28.831000,5.0,0 days 02:17:52.954000,0 days 00:00:17.668000,0 days 00:00:38.336000,0 days 00:00:32.827000
RUS,54.0,0 days 00:01:28.701000,5.0,0 days 02:19:21.655000,0 days 00:00:17.685000,0 days 00:00:38.343000,0 days 00:00:32.673000
RUS,55.0,0 days 00:01:28.824000,5.0,0 days 02:20:50.479000,0 days 00:00:17.642000,0 days 00:00:38.366000,0 days 00:00:32.816000
RUS,56.0,0 days 00:01:28.835000,5.0,0 days 02:22:19.314000,0 days 00:00:17.726000,0 days 00:00:38.315000,0 days 00:00:32.794000
RUS,57.0,0 days 00:01:28.599000,5.0,0 days 02:23:47.913000,0 days 00:00:17.616000,0 days 00:00:38.180000,0 days 00:00:32.803000
RUS,58.0,0 days 00:01:28.853000,5.0,0 days 02:25:16.766000,0 days 00:00:17.603000,0 days 00:00:38.229000,0 days 00:00:33.021000
ALO,1.0,0 days 00:01:34.980000,5.0,0 days 00:59:55.714000,,0 days 00:00:38.662000,0 days 00:00:34.166000
ALO,2.0,0 days 00:01:30.396000,5.0,0 days 01:01:26.110000,0 days 00:00:18.165000,0 days 00:00:38.183000,0 days 00:00:34.048000
ALO,3.0,0 days 00:01:30.059000,5.0,0 days 01:02:56.169000,0 days 00:00:18.215000,0 days 00:00:38.157000,0 days 00:00:33.687000
ALO,4.0,0 days 00:01:30.896000,6.0,0 days 01:04:27.065000,0 days 00:00:18.248000,0 days 00:00:38.745000,0 days 00:00:33.903000
ALO,5.0,0 days 00:01:30.196000,6.0,0 days 01:05:57.261000,0 days 00:00:17.924000,0 days 00:00:38.463000,0 days 00:00:33.809000
ALO,6.0,0 days 00:01:30.412000,6.0,0 days 01:07:27.673000,0 days 00:00:18.060000,0 days 00:00:38.682000,0 days 00:00:33.670000
ALO,7.0,0 days 00:01:30.319000,6.0,0 days 01:08:57.992000,0 days 00:00:17.940000,0 days 00:00:38.776000,0 days 00:00:33.603000
ALO,8.0,0 days 00:01:30.099000,6.0,0 days 01:10:28.091000,0 days 00:00:17.995000,0 days 00:00:38.749000,0 days 00:00:33.355000
ALO,9.0,0 days 00:01:30.011000,6.0,0 days 01:11:58.102000,0 days 00:00:18.050000,0 days 00:00:38.779000,0 days 00:00:33.182000
ALO,10.0,0 days 00:01:30.025000,6.0,0 days 01:13:28.127000,0 days 00:00:18.135000,0 days 00:00:38.796000,0 days 00:00:33.094000
ALO,11.0,0 days 00:01:29.800000,6.0,0 days 01:14:57.927000,0 days 00:00:18.123000,0 days 00:00:38.664000,0 days 00:00:33.013000
ALO,12.0,0 days 00:01:29.969000,6.0,0 days 01:16:27.896000,0 days 00:00:18.103000,0 days 00:00:38.776000,0 days 00:00:33.090000
ALO,13.0,0 days 00:01:29.968000,6.0,0 days 01:17:57.864000,0 days 00:00:17.979000,0 days 00:00:38.828000,0 days 00:00:33.161000
ALO,14.0,0 days 00:01:30.267000,5.0,0 days 01:19:28.131000,0 days 00:00:18.125000,0 days 00:00:38.989000,0 days 00:00:33.153000
ALO,15.0,0 days 00:01:29.836000,5.0,0 days 01:20:57.967000,0 days 00:00:18.045000,0 days 00:00:38.885000,0 days 00:00:32.906000
ALO,16.0,0 days 00:01:31.928000,5.0,0 days 01:22:29.895000,0 days 00:00:17.936000,0 days 00:00:38.897000,0 days 00:00:35.095000
ALO,17.0,0 days 00:01:51.248000,14.0,0 days 01:24:21.143000,0 days 00:00:39.371000,0 days 00:00:38.614000,0 days 00:00:33.263000
ALO,18.0,0 days 00:01:29.993000,14.0,0 days 01:25:51.136000,0 days 00:00:17.992000,0 days 00:00:38.510000,0 days 00:00:33.491000
ALO,19.0,0 days 00:01:30.112000,13.0,0 days 01:27:21.248000,0 days 00:00:18.145000,0 days 00:00:38.566000,0 days 00:00:33.401000
ALO,20.0,0 days 00:01:30.107000,12.0,0 days 01:28:51.355000,0 days 00:00:18.077000,0 days 00:00:38.582000,0 days 00:00:33.448000
ALO,21.0,0 days 00:01:30.031000,11.0,0 days 01:30:21.386000,0 days 00:00:18.093000,0 days 00:00:38.451000,0 days 00:00:33.487000
ALO,22.0,0 days 00:01:30.321000,11.0,0 days 01:31:51.707000,0 days 00:00:18.278000,0 days 00:00:38.151000,0 days 00:00:33.892000
ALO,23.0,0 days 00:01:29.420000,10.0,0 days 01:33:21.127000,0 days 00:00:18.012000,0 days 00:00:37.816000,0 days 00:00:33.592000
ALO,24.0,0 days 00:01:30.803000,10.0,0 days 01:34:51.930000,0 days 00:00:18.242000,0 days 00:00:38.662000,0 days 00:00:33.899000
ALO,25.0,0 days 00:01:30.260000,10.0,0 days 01:36:22.190000,0 days 00:00:17.934000,0 days 00:00:38.109000,0 days 00:00:34.217000
ALO,26.0,0 days 00:01:29.824000,10.0,0 days 01:37:52.014000,0 days 00:00:17.861000,0 days 00:00:38.395000,0 days 00:00:33.568000
ALO,27.0,0 days 00:01:29.750000,9.0,0 days 01:39:21.764000,0 days 00:00:17.856000,0 days 00:00:38.244000,0 days 00:00:33.650000
ALO,28.0,0 days 00:01:30.533000,9.0,0 days 01:40:52.297000,0 days 00:00:18.115000,0 days 00:00:39.022000,0 days 00:00:33.396000
ALO,29.0,0 days 00:01:30.397000,9.0,0 days 01:42:22.694000,0 days 00:00:18.242000,0 days 00:00:38.799000,0 days 00:00:33.356000
ALO,30.0,0 days 00:01:30.410000,9.0,0 days 01:43:53.104000,0 days 00:00:18.232000,0 days 00:00:38.837000,0 days 00:00:33.341000
ALO,31.0,0 days 00:01:29.708000,9.0,0 days 01:45:22.812000,0 days 00:00:17.881000,0 days 00:00:38.597000,0 days 00:00:33.230000
ALO,32.0,0 days 00:01:30.048000,8.0,0 days 01:46:52.860000,0 days 00:00:18.135000,0 days 00:00:38.696000,0 days 00:00:33.217000
ALO,33.0,0 days 00:01:29.982000,7.0,0 days 01:48:22.842000,0 days 00:00:17.932000,0 days 00:00:38.751000,0 days 00:00:33.299000
ALO,34.0,0 days 00:01:29.751000,7.0,0 days 01:49:52.593000,0 days 00:00:18.040000,0 days 00:00:38.657000,0 days 00:00:33.054000
ALO,35.0,0 days 00:01:29.764000,7.0,0 days 01:51:22.357000,0 days 00:00:18.038000,0 days 00:00:38.573000,0 days 00:00:33.153000
ALO,36.0,0 days 00:01:29.819000,7.0,0 days 01:52:52.176000,0 days 00:00:17.993000,0 days 00:00:38.625000,0 days 00:00:33.201000
ALO,37.0,0 days 00:01:30.300000,7.0,0 days 01:54:22.476000,0 days 00:00:17.949000,0 days 00:00:38.770000,0 days 00:00:33.581000
ALO,38.0,0 days 00:01:30.512000,7.0,0 days 01:55:52.988000,0 days 00:00:18.135000,0 days 00:00:38.525000,0 days 00:00:33.852000
ALO,39.0,0 days 00:01:30.101000,7.0,0 days 01:57:23.089000,0 days 00:00:17.844000,0 days 00:00:38.477000,0 days 00:00:33.780000
ALO,40.0,0 days 00:01:29.984000,7.0,0 days 01:58:53.073000,0 days 00:00:17.746000,0 days 00:00:38.538000,0 days 00:00:33.700000
ALO,41.0,0 days 00:01:29.527000,7.0,0 days 02:00:22.600000,0 days 00:00:17.905000,0 days 00:00:38.443000,0 days 00:00:33.179000
ALO,42.0,0 days 00:01:28.948000,7.0,0 days 02:01:51.548000,0 days 00:00:17.769000,0 days 00:00:38.507000,0 days 00:00:32.672000
ALO,43.0,0 days 00:01:29.638000,6.0,0 days 02:03:21.186000,0 days 00:00:17.815000,0 days 00:00:38.737000,0 days 00:00:33.086000
ALO,44.0,0 days 00:01:29.130000,6.0,0 days 02:04:50.316000,0 days 00:00:17.635000,0 days 00:00:38.598000,0 days 00:00:32.897000
ALO,45.0,0 days 00:01:29.355000,6.0,0 days 02:06:19.671000,0 days 00:00:17.792000,0 days 00:00:38.646000,0 days 00:00:32.917000
ALO,46.0,0 days 00:01:29.235000,6.0,0 days 02:07:48.906000,0 days 00:00:17.768000,0 days 00:00:38.590000,0 days 00:00:32.877000
ALO,47.0,0 days 00:01:29.120000,6.0,0 days 02:09:18.026000,0 days 00:00:17.682000,0 days 00:00:38.431000,0 days 00:00:33.007000
ALO,48.0,0 days 00:01:29.446000,6.0,0 days 02:10:47.472000,0 days 00:00:17.650000,0 days 00:00:38.666000,0 days 00:00:33.130000
ALO,49.0,0 days 00:01:29.320000,6.0,0 days 02:12:16.792000,0 days 00:00:17.783000,0 days 00:00:38.701000,0 days 00:00:32.836000
ALO,50.0,0 days 00:01:29.006000,6.0,0 days 02:13:45.798000,0 days 00:00:17.839000,0 days 00:00:38.594000,0 days 00:00:32.573000
ALO,51.0,0 days 00:01:28.514000,6.0,0 days 02:15:14.312000,0 days 00:00:17.524000,0 days 00:00:38.673000,0 days 00:00:32.317000
ALO,52.0,0 days 00:01:29.085000,6.0,0 days 02:16:43.397000,0 days 00:00:17.904000,0 days 00:00:38.713000,0 days 00:00:32.468000
ALO,53.0,0 days 00:01:28.557000,6.0,0 days 02:18:11.954000,0 days 00:00:17.703000,0 days 00:00:38.595000,0 days 00:00:32.259000
ALO,54.0,0 days 00:01:28.279000,6.0,0 days 02:19:40.233000,0 days 00:00:17.611000,0 days 00:00:38.419000,0 days 00:00:32.249000
ALO,55.0,0 days 00:01:28.393000,6.0,0 days 02:21:08.626000,0 days 00:00:17.683000,0 days 00:00:38.377000,0 days 00:00:32.333000
ALO,56.0,0 days 00:01:28.777000,6.0,0 days 02:22:37.403000,0 days 00:00:17.616000,0 days 00:00:38.715000,0 days 00:00:32.446000
ALO,57.0,0 days 00:01:29.116000,6.0,0 days 02:24:06.519000,0 days 00:00:17.831000,0 days 00:00:38.903000,0 days 00:00:32.382000
ALO,58.0,0 days 00:01:29.246000,6.0,0 days 02:25:35.765000,0 days 00:00:17.985000,0 days 00:00:38.894000,0 days 00:00:32.367000
OCO,1.0,0 days 00:01:37.070000,9.0,0 days 00:59:57.804000,,0 days 00:00:39.668000,0 days 00:00:34.309000
OCO,2.0,0 days 00:01:30.504000,9.0,0 days 01:01:28.308000,0 days 00:00:18.317000,0 days 00:00:38.134000,0 days 00:00:34.053000
OCO,3.0,0 days 00:01:30.306000,9.0,0 days 01:02:58.614000,0 days 00:00:18.307000,0 days 00:00:38.157000,0 days 00:00:33.842000
OCO,4.0,0 days 00:01:30.500000,9.0,0 days 01:04:29.114000,0 days 00:00:18.351000,0 days 00:00:38.213000,0 days 00:00:33.936000
OCO,5.0,0 days 00:01:30.163000,9.0,0 days 01:05:59.277000,0 days 00:00:18.288000,0 days 00:00:38.119000,0 days 00:00:33.756000
OCO,6.0,0 days 00:01:30.487000,9.0,0 days 01:07:29.764000,0 days 00:00:18.369000,0 days 00:00:38.212000,0 days 00:00:33.906000
OCO,7.0,0 days 00:01:30.395000,9.0,0 days 01:09:00.159000,0 days 00:00:18.259000,0 days 00:00:38.137000,0 days 00:00:33.999000
OCO,8.0,0 days 00:01:30.429000,9.0,0 days 01:10:30.588000,0 days 00:00:18.300000,0 days 00:00:38.168000,0 days 00:00:33.961000
OCO,9.0,0 days 00:01:30.145000,9.0,0 days 01:12:00.733000,0 days 00:00:18.215000,0 days 00:00:38.152000,0 days 00:00:33.778000
OCO,10.0,0 days 00:01:30.332000,9.0,0 days 01:13:31.065000,0 days 00:00:18.159000,0 days 00:00:38.294000,0 days 00:00:33.879000
OCO,11.0,0 days 00:01:30.858000,9.0,0 days 01:15:01.923000,0 days 00:00:18.244000,0 days 00:00:38.603000,0 days 00:00:34.011000
OCO,12.0,0 days 00:01:30.786000,9.0,0 days 01:16:32.709000,0 days 00:00:18.226000,0 days 00:00:38.667000,0 days 00:00:33.893000
OCO,13.0,0 days 00:01:31.076000,9.0,0 days 01:18:03.785000,0 days 00:00:18.237000,0 days 00:00:38.598000,0 days 00:00:34.241000
OCO,14.0,0 days 00:01:31.022000,8.0,0 days 01:19:34.807000,0 days 00:00:18.181000,0 days 00:00:38.654000,0 days 00:00:34.187000
OCO,15.0,0 days 00:01:30.246000,7.0,0 days 01:21:05.053000,0 days 00:00:18.093000,0 days 00:00:38.907000,0 days 00:00:33.246000
OCO,16.0,0 days 00:01:30.827000,6.0,0 days 01:22:35.880000,0 days 00:00:18.121000,0 days 00:00:39.132000,0 days 00:00:33.574000
OCO,17.0,0 days 00:01:30.950000,3.0,0 days 01:24:06.830000,0 days 00:00:18.130000,0 days 00:00:39.151000,0 days 00:00:33.669000
OCO,18.0,0 days 00:01:31.014000,3.0,0 days 01:25:37.844000,0 days 00:00:18.149000,0 days 00:00:39.145000,0 days 00:00:33.720000
OCO,19.0,0 days 00:01:33.060000,4.0,0 days 01:27:10.904000,0 days 00:00:18.122000,0 days 00:00:38.952000,0 days 00:00:35.986000
OCO,20.0,0 days 00:01:49.801000,17.0,0 days 01:29:00.705000,0 days 00:00:38.660000,0 days 00:00:38.557000,0 days 00:00:32.584000
OCO,21.0,0 days 00:01:28.755000,17.0,0 days 01:30:29.460000,0 days 00:00:17.937000,0 days 00:00:37.975000,0 days 00:00:32.843000
OCO,22.0,0 days 00:01:28.740000,16.0,0 days 01:31:58.200000,0 days 00:00:17.864000,0 days 00:00:37.930000,0 days 00:00:32.946000
OCO,23.0,0 days 00:01:28.882000,15.0,0 days 01:33:27.082000,0 days 00:00:17.787000,0 days 00:00:38.015000,0 days 00:00:33.080000
OCO,24.0,0 days 00:01:29.021000,14.0,0 days 01:34:56.103000,0 days 00:00:17.868000,0 days 00:00:37.966000,0 days 00:00:33.187000
OCO,25.0,0 days 00:01:29.118000,13.0,0 days 01:36:25.221000,0 days 00:00:17.998000,0 days 00:00:37.998000,0 days 00:00:33.122000
OCO,26.0,0 days 00:01:29.467000,13.0,0 days 01:37:54.688000,0 days 00:00:17.953000,0 days 00:00:38.356000,0 days 00:00:33.158000
OCO,27.0,0 days 00:01:29.688000,13.0,0 days 01:39:24.376000,0 days 00:00:18.042000,0 days 00:00:37.975000,0 days 00:00:33.671000
OCO,28.0,0 days 00:01:30.468000,13.0,0 days 01:40:54.844000,0 days 00:00:18.292000,0 days 00:00:37.924000,0 days 00:00:34.252000
OCO,29.0,0 days 00:01:30.770000,13.0,0 days 01:42:25.614000,0 days 00:00:18.050000,0 days 00:00:38.445000,0 days 00:00:34.275000
OCO,30.0,0 days 00:01:30.281000,13.0,0 days 01:43:55.895000,0 days 00:00:18.079000,0 days 00:00:38.004000,0 days 00:00:34.198000
OCO,31.0,0 days 00:01:30.599000,12.0,0 days 01:45:26.494000,0 days 00:00:18.260000,0 days 00:00:38.181000,0 days 00:00:34.158000
OCO,32.0,0 days 00:01:29.135000,10.0,0 days 01:46:55.629000,0 days 00:00:17.884000,0 days 00:00:37.963000,0 days 00:00:33.288000
OCO,33.0,0 days 00:01:29.818000,9.0,0 days 01:48:25.447000,0 days 00:00:18.188000,0 days 00:00:38.529000,0 days 00:00:33.101000
OCO,34.0,0 days 00:01:29.348000,9.0,0 days 01:49:54.795000,0 days 00:00:17.861000,0 days 00:00:38.216000,0 days 00:00:33.271000
OCO,35.0,0 days 00:01:29.476000,9.0,0 days 01:51:24.271000,0 days 00:00:17.916000,0 days 00:00:38.250000,0 days 00:00:33.310000
OCO,36.0,0 days 00:01:29.532000,9.0,0 days 01:52:53.803000,0 days 00:00:17.882000,0 days 00:00:37.887000,0 days 00:00:33.763000
OCO,37.0,0 days 00:01:30.250000,9.0,0 days 01:54:24.053000,0 days 00:00:17.920000,0 days 00:00:38.031000,0 days 00:00:34.299000
OCO,38.0,0 days 00:01:29.730000,8.0,0 days 01:55:53.783000,0 days 00:00:17.794000,0 days 00:00:38.128000,0 days 00:00:33.808000
OCO,39.0,0 days 00:01:30.117000,8.0,0 days 01:57:23.900000,0 days 00:00:17.722000,0 days 00:00:38.175000,0 days 00:00:34.220000
OCO,40.0,0 days 00:01:30.109000,8.0,0 days 01:58:54.009000,0 days 00:00:17.736000,0 days 00:00:38.059000,0 days 00:00:34.314000
OCO,41.0,0 days 00:01:29.435000,8.0,0 days 02:00:23.444000,0 days 00:00:17.698000,0 days 00:00:38.093000,0 days 00:00:33.644000
OCO,42.0,0 days 00:01:29.244000,8.0,0 days 02:01:52.688000,0 days 00:00:17.654000,0 days 00:00:38.193000,0 days 00:00:33.397000
OCO,43.0,0 days 00:01:29.522000,7.0,0 days 02:03:22.210000,0 days 00:00:17.691000,0 days 00:00:38.393000,0 days 00:00:33.438000
OCO,44.0,0 days 00:01:29.244000,7.0,0 days 02:04:51.454000,0 days 00:00:17.686000,0 days 00:00:38.476000,0 days 00:00:33.082000
OCO,45.0,0 days 00:01:29.160000,7.0,0 days 02:06:20.614000,0 days 00:00:17.736000,0 days 00:00:38.202000,0 days 00:00:33.222000
OCO,46.0,0 days 00:01:29.190000,7.0,0 days 02:07:49.804000,0 days 00:00:17.699000,0 days 00:00:38.110000,0 days 00:00:33.381000
OCO,47.0,0 days 00:01:29.158000,7.0,0 days 02:09:18.962000,0 days 00:00:17.639000,0 days 00:00:38.058000,0 days 00:00:33.461000
OCO,48.0,0 days 00:01:29.661000,7.0,0 days 02:10:48.623000,0 days 00:00:17.820000,0 days 00:00:38.552000,0 days 00:00:33.289000
OCO,49.0,0 days 00:01:29.334000,7.0,0 days 02:12:17.957000,0 days 00:00:17.708000,0 days 00:00:38.250000,0 days 00:00:33.376000
OCO,50.0,0 days 00:01:28.935000,7.0,0 days 02:13:46.892000,0 days 00:00:17.656000,0 days 00:00:37.912000,0 days 00:00:33.367000
OCO,51.0,0 days 00:01:28.995000,7.0,0 days 02:15:15.887000,0 days 00:00:17.580000,0 days 00:00:38.506000,0 days 00:00:32.909000
OCO,52.0,0 days 00:01:29.405000,7.0,0 days 02:16:45.292000,0 days 00:00:17.659000,0 days 00:00:38.669000,0 days 00:00:33.077000
OCO,53.0,0 days 00:01:29.232000,7.0,0 days 02:18:14.524000,0 days 00:00:17.765000,0 days 00:00:38.623000,0 days 00:00:32.844000
OCO,54.0,0 days 00:01:28.662000,7.0,0 days 02:19:43.186000,0 days 00:00:17.654000,0 days 00:00:38.316000,0 days 00:00:32.692000
OCO,55.0,0 days 00:01:28.719000,7.0,0 days 02:21:11.905000,0 days 00:00:17.691000,0 days 00:00:38.301000,0 days 00:00:32.727000
OCO,56.0,0 days 00:01:28.655000,7.0,0 days 02:22:40.560000,0 days 00:00:17.600000,0 days 00:00:38.307000,0 days 00:00:32.748000
OCO,57.0,0 days 00:01:28.750000,7.0,0 days 02:24:09.310000,0 days 00:00:17.599000,0 days 00:00:38.401000,0 days 00:00:32.750000
OCO,58.0,0 days 00:01:28.769000,7.0,0 days 02:25:38.079000,0 days 00:00:17.606000,0 days 00:00:38.194000,0 days 00:00:32.969000
HAM,1.0,0 days 00:01:39.335000,14.0,0 days 01:00:00.069000,,0 days 00:00:39.820000,0 days 00:00:35.449000
HAM,2.0,0 days 00:01:30.853000,13.0,0 days 01:01:30.922000,0 days 00:00:18.501000,0 days 00:00:38.405000,0 days 00:00:33.947000
HAM,3.0,0 days 00:01:30.113000,13.0,0 days 01:03:01.035000,0 days 00:00:18.336000,0 days 00:00:37.947000,0 days 00:00:33.830000
HAM,4.0,0 days 00:01:30.883000,13.0,0 days 01:04:31.918000,0 days 00:00:18.128000,0 days 00:00:38.320000,0 days 00:00:34.435000
HAM,5.0,0 days 00:01:30.229000,13.0,0 days 01:06:02.147000,0 days 00:00:18.179000,0 days 00:00:37.996000,0 days 00:00:34.054000
HAM,6.0,0 days 00:01:30.254000,13.0,0 days 01:07:32.401000,0 days 00:00:18.138000,0 days 00:00:38.126000,0 days 00:00:33.990000
HAM,7.0,0 days 00:01:30.539000,13.0,0 days 01:09:02.940000,0 days 00:00:18.226000,0 days 00:00:38.014000,0 days 00:00:34.299000
HAM,8.0,0 days 00:01:32.249000,14.0,0 days 01:10:35.189000,0 days 00:00:18.229000,0 days 00:00:38.316000,0 days 00:00:35.704000
HAM,9.0,0 days 00:01:48.500000,18.0,0 days 01:12:23.689000,0 days 00:00:37.926000,0 days 00:00:38.326000,0 days 00:00:32.248000
HAM,10.0,0 days 00:01:28.517000,18.0,0 days 01:13:52.206000,0 days 00:00:17.852000,0 days 00:00:38.209000,0 days 00:00:32.456000
HAM,11.0,0 days 00:01:29.022000,18.0,0 days 01:15:21.228000,0 days 00:00:17.898000,0 days 00:00:38.446000,0 days 00:00:32.678000
HAM,12.0,0 days 00:01:29.598000,18.0,0 days 01:16:50.826000,0 days 00:00:17.965000,0 days 00:00:38.856000,0 days 00:00:32.777000
HAM,13.0,0 days 00:01:29.473000,18.0,0 days 01:18:20.299000,0 days 00:00:18.189000,0 days 00:00:38.455000,0 days 00:00:32.829000
HAM,14.0,0 days 00:01:29.276000,17.0,0 days 01:19:49.575000,0 days 00:00:18.021000,0 days 00:00:38.302000,0 days 00:00:32.953000
HAM,15.0,0 days 00:01:29.574000,14.0,0 days 01:21:19.149000,0 days 00:00:18.103000,0 days 00:00:38.005000,0 days 00:00:33.466000
HAM,16.0,0 days 00:01:29.461000,13.0,0 days 01:22:48.610000,0 days 00:00:18.063000,0 days 00:00:38.473000,0 days 00:00:32.925000
HAM,17.0,0 days 00:01:29.299000,12.0,0 days 01:24:17.909000,0 days 00:00:17.906000,0 days 00:00:38.385000,0 days 00:00:33.008000
HAM,18.0,0 days 00:01:29.700000,12.0,0 days 01:25:47.609000,0 days 00:00:17.973000,0 days 00:00:38.431000,0 days 00:00:33.296000
HAM,19.0,0 days 00:01:29.841000,11.0,0 days 01:27:17.450000,0 days 00:00:18.085000,0 days 00:00:38.453000,0 days 00:00:33.303000
HAM,20.0,0 days 00:01:30.736000,10.0,0 days 01:28:48.186000,0 days 00:00:18.191000,0 days 00:00:38.280000,0 days 00:00:34.265000
HAM,21.0,0 days 00:01:31.793000,9.0,0 days 01:30:19.979000,0 days 00:00:18.216000,0 days 00:00:38.291000,0 days 00:00:35.286000
HAM,22.0,0 days 00:01:30.535000,9.0,0 days 01:31:50.514000,0 days 00:00:18.104000,0 days 00:00:38.328000,0 days 00:00:34.103000
HAM,23.0,0 days 00:01:30.076000,9.0,0 days 01:33:20.590000,0 days 00:00:18.154000,0 days 00:00:38.097000,0 days 00:00:33.825000
HAM,24.0,0 days 00:01:29.866000,8.0,0 days 01:34:50.456000,0 days 00:00:18.096000,0 days 00:00:38.536000,0 days 00:00:33.234000
HAM,25.0,0 days 00:01:29.810000,8.0,0 days 01:36:20.266000,0 days 00:00:18.041000,0 days 00:00:38.676000,0 days 00:00:33.093000
HAM,26.0,0 days 00:01:29.644000,8.0,0 days 01:37:49.910000,0 days 00:00:17.946000,0 days 00:00:38.466000,0 days 00:00:33.232000
HAM,27.0,0 days 00:01:30.144000,8.0,0 days 01:39:20.054000,0 days 00:00:18.124000,0 days 00:00:38.686000,0 days 00:00:33.334000
HAM,28.0,0 days 00:01:29.918000,8.0,0 days 01:40:49.972000,0 days 00:00:18.052000,0 days 00:00:38.542000,0 days 00:00:33.324000
HAM,29.0,0 days 00:01:29.785000,8.0,0 days 01:42:19.757000,0 days 00:00:18.091000,0 days 00:00:38.635000,0 days 00:00:33.059000
HAM,30.0,0 days 00:01:29.880000,8.0,0 days 01:43:49.637000,0 days 00:00:18.039000,0 days 00:00:38.532000,0 days 00:00:33.309000
HAM,31.0,0 days 00:01:31.397000,8.0,0 days 01:45:21.034000,0 days 00:00:18.038000,0 days 00:00:38.240000,0 days 00:00:35.119000
HAM,32.0,0 days 00:01:48.714000,19.0,0 days 01:47:09.748000,0 days 00:00:37.579000,0 days 00:00:38.561000,0 days 00:00:32.574000
HAM,33.0,0 days 00:01:29.051000,17.0,0 days 01:48:38.799000,0 days 00:00:17.724000,0 days 00:00:38.482000,0 days 00:00:32.845000
HAM,34.0,0 days 00:01:28.794000,16.0,0 days 01:50:07.593000,0 days 00:00:17.851000,0 days 00:00:37.843000,0 days 00:00:33.100000
HAM,35.0,0 days 00:01:28.514000,15.0,0 days 01:51:36.107000,0 days 00:00:18.094000,0 days 00:00:37.898000,0 days 00:00:32.522000
HAM,36.0,0 days 00:01:28.094000,14.0,0 days 01:53:04.201000,0 days 00:00:17.874000,0 days 00:00:37.875000,0 days 00:00:32.345000
HAM,37.0,0 days 00:01:28.549000,14.0,0 days 01:54:32.750000,0 days 00:00:17.743000,0 days 00:00:38.122000,0 days 00:00:32.684000
HAM,38.0,0 days 00:01:28.141000,13.0,0 days 01:56:00.891000,0 days 00:00:17.828000,0 days 00:00:37.870000,0 days 00:00:32.443000
HAM,39.0,0 days 00:01:28.528000,13.0,0 days 01:57:29.419000,0 days 00:00:17.739000,0 days 00:00:38.061000,0 days 00:00:32.728000
HAM,40.0,0 days 00:01:29.048000,13.0,0 days 01:58:58.467000,0 days 00:00:17.833000,0 days 00:00:37.859000,0 days 00:00:33.356000
HAM,41.0,0 days 00:01:28.693000,12.0,0 days 02:00:27.160000,0 days 00:00:17.898000,0 days 00:00:37.927000,0 days 00:00:32.868000
HAM,42.0,0 days 00:01:28.873000,11.0,0 days 02:01:56.033000,0 days 00:00:17.911000,0 days 00:00:37.564000,0 days 00:00:33.398000
HAM,43.0,0 days 00:01:28.464000,9.0,0 days 02:03:24.497000,0 days 00:00:17.891000,0 days 00:00:37.876000,0 days 00:00:32.697000
HAM,44.0,0 days 00:01:28.949000,9.0,0 days 02:04:53.446000,0 days 00:00:17.783000,0 days 00:00:37.677000,0 days 00:00:33.489000
HAM,45.0,0 days 00:01:28.758000,8.0,0 days 02:06:22.204000,0 days 00:00:17.800000,0 days 00:00:38.227000,0 days 00:00:32.731000
HAM,46.0,0 days 00:01:29.240000,8.0,0 days 02:07:51.444000,0 days 00:00:17.978000,0 days 00:00:38.323000,0 days 00:00:32.939000
HAM,47.0,0 days 00:01:28.997000,8.0,0 days 02:09:20.441000,0 days 00:00:17.915000,0 days 00:00:38.283000,0 days 00:00:32.799000
HAM,48.0,0 days 00:01:28.979000,8.0,0 days 02:10:49.420000,0 days 00:00:17.823000,0 days 00:00:38.192000,0 days 00:00:32.964000
HAM,49.0,0 days 00:01:29.186000,8.0,0 days 02:12:18.606000,0 days 00:00:17.845000,0 days 00:00:37.861000,0 days 00:00:33.480000
HAM,50.0,0 days 00:01:28.978000,8.0,0 days 02:13:47.584000,0 days 00:00:17.778000,0 days 00:00:37.901000,0 days 00:00:33.299000
HAM,51.0,0 days 00:01:28.937000,8.0,0 days 02:15:16.521000,0 days 00:00:17.825000,0 days 00:00:37.810000,0 days 00:00:33.302000
HAM,52.0,0 days 00:01:29.625000,8.0,0 days 02:16:46.146000,0 days 00:00:17.719000,0 days 00:00:38.166000,0 days 00:00:33.740000
HAM,53.0,0 days 00:01:29.044000,8.0,0 days 02:18:15.190000,0 days 00:00:17.888000,0 days 00:00:37.817000,0 days 00:00:33.339000
HAM,54.0,0 days 00:01:28.731000,8.0,0 days 02:19:43.921000,0 days 00:00:17.753000,0 days 00:00:37.769000,0 days 00:00:33.209000
HAM,55.0,0 days 00:01:28.796000,8.0,0 days 02:21:12.717000,0 days 00:00:17.860000,0 days 00:00:37.956000,0 days 00:00:32.980000
HAM,56.0,0 days 00:01:29.623000,8.0,0 days 02:22:42.340000,0 days 00:00:17.935000,0 days 00:00:38.664000,0 days 00:00:33.024000
HAM,57.0,0 days 00:01:29.022000,8.0,0 days 02:24:11.362000,0 days 00:00:17.778000,0 days 00:00:38.320000,0 days 00:00:32.924000
HAM,58.0,0 days 00:01:29.511000,8.0,0 days 02:25:40.873000,0 days 00:00:17.934000,0 days 00:00:38.534000,0 days 00:00:33.043000
HUL,1.0,0 days 00:01:40.987000,18.0,0 days 01:00:01.721000,,0 days 00:00:39.975000,0 days 00:00:36.213000
HUL,2.0,0 days 00:01:31.813000,18.0,0 days 01:01:33.534000,0 days 00:00:18.732000,0 days 00:00:38.223000,0 days 00:00:34.858000
HUL,3.0,0 days 00:01:30.515000,18.0,0 days 01:03:04.049000,0 days 00:00:18.507000,0 days 00:00:37.990000,0 days 00:00:34.018000
HUL,4.0,0 days 00:01:30.573000,18.0,0 days 01:04:34.622000,0 days 00:00:18.287000,0 days 00:00:37.981000,0 days 00:00:34.305000
HUL,5.0,0 days 00:01:30.776000,18.0,0 days 01:06:05.398000,0 days 00:00:18.505000,0 days 00:00:38.138000,0 days 00:00:34.133000
HUL,6.0,0 days 00:01:30.255000,18.0,0 days 01:07:35.653000,0 days 00:00:18.395000,0 days 00:00:38.007000,0 days 00:00:33.853000
HUL,7.0,0 days 00:01:31.972000,18.0,0 days 01:09:07.625000,0 days 00:00:18.376000,0 days 00:00:37.975000,0 days 00:00:35.621000
HUL,8.0,0 days 00:01:48.522000,20.0,0 days 01:10:56.147000,0 days 00:00:38.067000,0 days 00:00:38.331000,0 days 00:00:32.124000
HUL,9.0,0 days 00:01:28.442000,19.0,0 days 01:12:24.589000,0 days 00:00:17.883000,0 days 00:00:37.697000,0 days 00:00:32.862000
HUL,10.0,0 days 00:01:29.003000,19.0,0 days 01:13:53.592000,0 days 00:00:17.987000,0 days 00:00:38.204000,0 days 00:00:32.812000
HUL,11.0,0 days 00:01:29.418000,19.0,0 days 01:15:23.010000,0 days 00:00:17.966000,0 days 00:00:38.580000,0 days 00:00:32.872000
HUL,12.0,0 days 00:01:29.164000,19.0,0 days 01:16:52.174000,0 days 00:00:17.987000,0 days 00:00:38.316000,0 days 00:00:32.861000
HUL,13.0,0 days 00:01:29.436000,19.0,0 days 01:18:21.610000,0 days 00:00:18.113000,0 days 00:00:38.385000,0 days 00:00:32.938000
HUL,14.0,0 days 00:01:29.478000,18.0,0 days 01:19:51.088000,0 days 00:00:18.006000,0 days 00:00:38.340000,0 days 00:00:33.132000
HUL,15.0,0 days 00:01:29.488000,16.0,0 days 01:21:20.576000,0 days 00:00:18.053000,0 days 00:00:38.399000,0 days 00:00:33.036000
HUL,16.0,0 days 00:01:29.202000,14.0,0 days 01:22:49.778000,0 days 00:00:18.093000,0 days 00:00:38.296000,0 days 00:00:32.813000
HUL,17.0,0 days 00:01:29.144000,13.0,0 days 01:24:18.922000,0 days 00:00:17.929000,0 days 00:00:38.437000,0 days 00:00:32.778000
HUL,18.0,0 days 00:01:29.601000,13.0,0 days 01:25:48.523000,0 days 00:00:18.048000,0 days 00:00:38.499000,0 days 00:00:33.054000
HUL,19.0,0 days 00:01:29.736000,12.0,0 days 01:27:18.259000,0 days 00:00:17.995000,0 days 00:00:38.236000,0 days 00:00:33.505000
HUL,20.0,0 days 00:01:30.485000,11.0,0 days 01:28:48.744000,0 days 00:00:18.315000,0 days 00:00:38.076000,0 days 00:00:34.094000
HUL,21.0,0 days 00:01:31.706000,10.0,0 days 01:30:20.450000,0 days 00:00:18.416000,0 days 00:00:38.316000,0 days 00:00:34.974000
HUL,22.0,0 days 00:01:30.732000,10.0,0 days 01:31:51.182000,0 days 00:00:18.397000,0 days 00:00:38.209000,0 days 00:00:34.126000
HUL,23.0,0 days 00:01:30.908000,11.0,0 days 01:33:22.090000,0 days 00:00:18.161000,0 days 00:00:38.259000,0 days 00:00:34.488000
HUL,24.0,0 days 00:01:31.273000,12.0,0 days 01:34:53.363000,0 days 00:00:19.256000,0 days 00:00:38.199000,0 days 00:00:33.818000
HUL,25.0,0 days 00:01:30.113000,12.0,0 days 01:36:23.476000,0 days 00:00:18.290000,0 days 00:00:38.030000,0 days 00:00:33.793000
HUL,26.0,0 days 00:01:29.979000,12.0,0 days 01:37:53.455000,0 days 00:00:18.253000,0 days 00:00:38.089000,0 days 00:00:33.637000
HUL,27.0,0 days 00:01:30.353000,12.0,0 days 01:39:23.808000,0 days 00:00:18.271000,0 days 00:00:38.045000,0 days 00:00:34.037000
HUL,28.0,0 days 00:01:30.575000,12.0,0 days 01:40:54.383000,0 days 00:00:18.162000,0 days 00:00:38.177000,0 days 00:00:34.236000
HUL,29.0,0 days 00:01:30.573000,12.0,0 days 01:42:24.956000,0 days 00:00:18.311000,0 days 00:00:38.455000,0 days 00:00:33.807000
HUL,30.0,0 days 00:01:30.519000,12.0,0 days 01:43:55.475000,0 days 00:00:18.094000,0 days 00:00:38.243000,0 days 00:00:34.182000
HUL,31.0,0 days 00:01:31.724000,13.0,0 days 01:45:27.199000,0 days 00:00:18.322000,0 days 00:00:38.583000,0 days 00:00:34.819000
HUL,32.0,0 days 00:01:30.152000,11.0,0 days 01:46:57.351000,0 days 00:00:18.069000,0 days 00:00:37.968000,0 days 00:00:34.115000
HUL,33.0,0 days 00:01:30.907000,11.0,0 days 01:48:28.258000,0 days 00:00:18.024000,0 days 00:00:38.853000,0 days 00:00:34.030000
HUL,34.0,0 days 00:01:30.063000,11.0,0 days 01:49:58.321000,0 days 00:00:18.109000,0 days 00:00:38.674000,0 days 00:00:33.280000
HUL,35.0,0 days 00:01:29.611000,11.0,0 days 01:51:27.932000,0 days 00:00:18.138000,0 days 00:00:38.509000,0 days 00:00:32.964000
HUL,36.0,0 days 00:01:29.383000,11.0,0 days 01:52:57.315000,0 days 00:00:17.934000,0 days 00:00:38.350000,0 days 00:00:33.099000
HUL,37.0,0 days 00:01:29.423000,11.0,0 days 01:54:26.738000,0 days 00:00:17.910000,0 days 00:00:38.403000,0 days 00:00:33.110000
HUL,38.0,0 days 00:01:29.693000,11.0,0 days 01:55:56.431000,0 days 00:00:17.994000,0 days 00:00:38.498000,0 days 00:00:33.201000
HUL,39.0,0 days 00:01:29.822000,11.0,0 days 01:57:26.253000,0 days 00:00:18.057000,0 days 00:00:38.319000,0 days 00:00:33.446000
HUL,40.0,0 days 00:01:29.960000,11.0,0 days 01:58:56.213000,0 days 00:00:18.064000,0 days 00:00:38.548000,0 days 00:00:33.348000
HUL,41.0,0 days 00:01:30.223000,11.0,0 days 02:00:26.436000,0 days 00:00:18.082000,0 days 00:00:38.590000,0 days 00:00:33.551000
HUL,42.0,0 days 00:01:32.159000,13.0,0 days 02:01:58.595000,0 days 00:00:18.152000,0 days 00:00:38.187000,0 days 00:00:35.820000
HUL,43.0,0 days 00:01:47.296000,18.0,0 days 02:03:45.891000,0 days 00:00:37.537000,0 days 00:00:37.978000,0 days 00:00:31.781000
HUL,44.0,0 days 00:01:27.172000,18.0,0 days 02:05:13.063000,0 days 00:00:17.666000,0 days 00:00:37.646000,0 days 00:00:31.860000
HUL,45.0,0 days 00:01:27.574000,18.0,0 days 02:06:40.637000,0 days 00:00:17.703000,0 days 00:00:37.951000,0 days 00:00:31.920000
HUL,46.0,0 days 00:01:27.050000,17.0,0 days 02:08:07.687000,0 days 00:00:17.632000,0 days 00:00:37.535000,0 days 00:00:31.883000
HUL,47.0,0 days 00:01:27.541000,17.0,0 days 02:09:35.228000,0 days 00:00:17.669000,0 days 00:00:37.950000,0 days 00:00:31.922000
HUL,48.0,0 days 00:01:27.831000,17.0,0 days 02:11:03.059000,0 days 00:00:17.642000,0 days 00:00:38.079000,0 days 00:00:32.110000
HUL,49.0,0 days 00:01:29.021000,17.0,0 days 02:12:32.080000,0 days 00:00:17.651000,0 days 00:00:37.853000,0 days 00:00:33.517000
HUL,50.0,0 days 00:01:27.977000,16.0,0 days 02:14:00.057000,0 days 00:00:17.738000,0 days 00:00:37.457000,0 days 00:00:32.782000
HUL,51.0,0 days 00:01:28.244000,15.0,0 days 02:15:28.301000,0 days 00:00:17.781000,0 days 00:00:38.211000,0 days 00:00:32.252000
HUL,52.0,0 days 00:01:27.742000,15.0,0 days 02:16:56.043000,0 days 00:00:17.655000,0 days 00:00:38.084000,0 days 00:00:32.003000
HUL,53.0,0 days 00:01:28.410000,15.0,0 days 02:18:24.453000,0 days 00:00:17.594000,0 days 00:00:37.748000,0 days 00:00:33.068000
HUL,54.0,0 days 00:01:28.379000,14.0,0 days 02:19:52.832000,0 days 00:00:17.712000,0 days 00:00:37.980000,0 days 00:00:32.687000
HUL,55.0,0 days 00:01:28.053000,13.0,0 days 02:21:20.885000,0 days 00:00:17.814000,0 days 00:00:37.838000,0 days 00:00:32.401000
HUL,56.0,0 days 00:01:29.054000,13.0,0 days 02:22:49.939000,0 days 00:00:17.641000,0 days 00:00:37.661000,0 days 00:00:33.752000
HUL,57.0,0 days 00:01:29.171000,12.0,0 days 02:24:19.110000,0 days 00:00:17.794000,0 days 00:00:38.316000,0 days 00:00:33.061000
HUL,58.0,0 days 00:01:28.107000,11.0,0 days 02:25:47.217000,0 days 00:00:17.766000,0 days 00:00:38.078000,0 days 00:00:32.263000
STR,1.0,0 days 00:01:40.310000,16.0,0 days 01:00:01.044000,,0 days 00:00:40,0 days 00:00:35.922000
STR,2.0,0 days 00:01:31.582000,16.0,0 days 01:01:32.626000,0 days 00:00:18.561000,0 days 00:00:38.208000,0 days 00:00:34.813000
STR,3.0,0 days 00:01:30.319000,16.0,0 days 01:03:02.945000,0 days 00:00:18.515000,0 days 00:00:38.069000,0 days 00:00:33.735000
STR,4.0,0 days 00:01:30.773000,16.0,0 days 01:04:33.718000,0 days 00:00:18.276000,0 days 00:00:38.037000,0 days 00:00:34.460000
STR,5.0,0 days 00:01:30.458000,16.0,0 days 01:06:04.176000,0 days 00:00:18.478000,0 days 00:00:38.201000,0 days 00:00:33.779000
STR,6.0,0 days 00:01:30.188000,16.0,0 days 01:07:34.364000,0 days 00:00:18.237000,0 days 00:00:38.029000,0 days 00:00:33.922000
STR,7.0,0 days 00:01:30.392000,16.0,0 days 01:09:04.756000,0 days 00:00:18.281000,0 days 00:00:38.231000,0 days 00:00:33.880000
STR,8.0,0 days 00:01:30.439000,15.0,0 days 01:10:35.195000,0 days 00:00:18.333000,0 days 00:00:38.183000,0 days 00:00:33.923000
STR,9.0,0 days 00:01:29.719000,14.0,0 days 01:12:04.914000,0 days 00:00:18.106000,0 days 00:00:38.173000,0 days 00:00:33.440000
STR,10.0,0 days 00:01:30.275000,14.0,0 days 01:13:35.189000,0 days 00:00:18.140000,0 days 00:00:38.221000,0 days 00:00:33.914000
STR,11.0,0 days 00:01:30.699000,14.0,0 days 01:15:05.888000,0 days 00:00:18.247000,0 days 00:00:38.251000,0 days 00:00:34.201000
STR,12.0,0 days 00:01:31.170000,14.0,0 days 01:16:37.058000,0 days 00:00:18.388000,0 days 00:00:38.395000,0 days 00:00:34.387000
STR,13.0,0 days 00:01:31.153000,14.0,0 days 01:18:08.211000,0 days 00:00:18.299000,0 days 00:00:38.379000,0 days 00:00:34.475000
STR,14.0,0 days 00:01:30.914000,13.0,0 days 01:19:39.125000,0 days 00:00:18.247000,0 days 00:00:38.427000,0 days 00:00:34.240000
STR,15.0,0 days 00:01:30.931000,11.0,0 days 01:21:10.056000,0 days 00:00:18.104000,0 days 00:00:38.669000,0 days 00:00:34.158000
STR,16.0,0 days 00:01:30.384000,9.0,0 days 01:22:40.440000,0 days 00:00:18.124000,0 days 00:00:38.428000,0 days 00:00:33.832000
STR,17.0,0 days 00:01:30.914000,6.0,0 days 01:24:11.354000,0 days 00:00:18.185000,0 days 00:00:38.773000,0 days 00:00:33.956000
STR,18.0,0 days 00:01:31.423000,6.0,0 days 01:25:42.777000,0 days 00:00:18.158000,0 days 00:00:38.819000,0 days 00:00:34.446000
STR,19.0,0 days 00:01:31.800000,7.0,0 days 01:27:14.577000,0 days 00:00:18.231000,0 days 00:00:38.977000,0 days 00:00:34.592000
STR,20.0,0 days 00:01:31.779000,7.0,0 days 01:28:46.356000,0 days 00:00:18.200000,0 days 00:00:39.041000,0 days 00:00:34.538000
STR,21.0,0 days 00:01:32.002000,7.0,0 days 01:30:18.358000,0 days 00:00:18.240000,0 days 00:00:38.708000,0 days 00:00:35.054000
STR,22.0,0 days 00:01:30.668000,7.0,0 days 01:31:49.026000,0 days 00:00:18.288000,0 days 00:00:39.013000,0 days 00:00:33.367000
STR,23.0,0 days 00:01:29.973000,7.0,0 days 01:33:18.999000,0 days 00:00:18.015000,0 days 00:00:38.786000,0 days 00:00:33.172000
STR,24.0,0 days 00:01:29.972000,7.0,0 days 01:34:48.971000,0 days 00:00:17.932000,0 days 00:00:38.917000,0 days 00:00:33.123000
STR,25.0,0 days 00:01:29.854000,7.0,0 days 01:36:18.825000,0 days 00:00:17.966000,0 days 00:00:38.865000,0 days 00:00:33.023000
STR,26.0,0 days 00:01:29.788000,7.0,0 days 01:37:48.613000,0 days 00:00:17.869000,0 days 00:00:38.859000,0 days 00:00:33.060000
STR,27.0,0 days 00:01:29.987000,7.0,0 days 01:39:18.600000,0 days 00:00:18.056000,0 days 00:00:38.857000,0 days 00:00:33.074000
STR,28.0,0 days 00:01:29.860000,7.0,0 days 01:40:48.460000,0 days 00:00:17.940000,0 days 00:00:38.661000,0 days 00:00:33.259000
STR,29.0,0 days 00:01:29.926000,7.0,0 days 01:42:18.386000,0 days 00:00:17.964000,0 days 00:00:38.834000,0 days 00:00:33.128000
STR,30.0,0 days 00:01:30.175000,7.0,0 days 01:43:48.561000,0 days 00:00:17.942000,0 days 00:00:38.943000,0 days 00:00:33.290000
STR,31.0,0 days 00:01:29.958000,7.0,0 days 01:45:18.519000,0 days 00:00:18.044000,0 days 00:00:38.765000,0 days 00:00:33.149000
STR,32.0,0 days 00:01:30.239000,7.0,0 days 01:46:48.758000,0 days 00:00:18.045000,0 days 00:00:39.003000,0 days 00:00:33.191000
STR,33.0,0 days 00:01:29.972000,6.0,0 days 01:48:18.730000,0 days 00:00:17.974000,0 days 00:00:38.914000,0 days 00:00:33.084000
STR,34.0,0 days 00:01:29.826000,6.0,0 days 01:49:48.556000,0 days 00:00:17.987000,0 days 00:00:38.860000,0 days 00:00:32.979000
STR,35.0,0 days 00:01:30.004000,6.0,0 days 01:51:18.560000,0 days 00:00:17.997000,0 days 00:00:39.013000,0 days 00:00:32.994000
STR,36.0,0 days 00:01:30.003000,6.0,0 days 01:52:48.563000,0 days 00:00:17.885000,0 days 00:00:38.971000,0 days 00:00:33.147000
STR,37.0,0 days 00:01:29.840000,6.0,0 days 01:54:18.403000,0 days 00:00:17.928000,0 days 00:00:38.919000,0 days 00:00:32.993000
STR,38.0,0 days 00:01:29.985000,6.0,0 days 01:55:48.388000,0 days 00:00:17.969000,0 days 00:00:38.968000,0 days 00:00:33.048000
STR,39.0,0 days 00:01:30.218000,6.0,0 days 01:57:18.606000,0 days 00:00:17.983000,0 days 00:00:38.951000,0 days 00:00:33.284000
STR,40.0,0 days 00:01:30.278000,6.0,0 days 01:58:48.884000,0 days 00:00:17.898000,0 days 00:00:39.016000,0 days 00:00:33.364000
STR,41.0,0 days 00:01:30.029000,6.0,0 days 02:00:18.913000,0 days 00:00:17.925000,0 days 00:00:39.002000,0 days 00:00:33.102000
STR,42.0,0 days 00:01:32.323000,6.0,0 days 02:01:51.236000,0 days 00:00:18.062000,0 days 00:00:38.989000,0 days 00:00:35.272000
STR,43.0,0 days 00:01:48.777000,17.0,0 days 02:03:40.013000,0 days 00:00:37.976000,0 days 00:00:38.318000,0 days 00:00:32.483000
STR,44.0,0 days 00:01:27.918000,16.0,0 days 02:05:07.931000,0 days 00:00:17.884000,0 days 00:00:37.671000,0 days 00:00:32.363000
STR,45.0,0 days 00:01:28.113000,16.0,0 days 02:06:36.044000,0 days 00:00:17.717000,0 days 00:00:38.189000,0 days 00:00:32.207000
STR,46.0,0 days 00:01:28.288000,16.0,0 days 02:08:04.332000,0 days 00:00:17.591000,0 days 00:00:37.549000,0 days 00:00:33.148000
STR,47.0,0 days 00:01:27.743000,15.0,0 days 02:09:32.075000,0 days 00:00:17.643000,0 days 00:00:37.761000,0 days 00:00:32.339000
STR,48.0,0 days 00:01:28.427000,15.0,0 days 02:11:00.502000,0 days 00:00:17.582000,0 days 00:00:37.954000,0 days 00:00:32.891000
STR,49.0,0 days 00:01:27.949000,14.0,0 days 02:12:28.451000,0 days 00:00:17.762000,0 days 00:00:37.895000,0 days 00:00:32.292000
STR,50.0,0 days 00:01:28.065000,14.0,0 days 02:13:56.516000,0 days 00:00:17.591000,0 days 00:00:37.735000,0 days 00:00:32.739000
STR,51.0,0 days 00:01:27.839000,13.0,0 days 02:15:24.355000,0 days 00:00:17.660000,0 days 00:00:37.834000,0 days 00:00:32.345000
STR,52.0,0 days 00:01:27.626000,12.0,0 days 02:16:51.981000,0 days 00:00:17.706000,0 days 00:00:37.622000,0 days 00:00:32.298000
STR,53.0,0 days 00:01:28.658000,12.0,0 days 02:18:20.639000,0 days 00:00:17.512000,0 days 00:00:37.923000,0 days 00:00:33.223000
STR,54.0,0 days 00:01:28.951000,11.0,0 days 02:19:49.590000,0 days 00:00:17.737000,0 days 00:00:37.859000,0 days 00:00:33.355000
STR,55.0,0 days 00:01:28.046000,10.0,0 days 02:21:17.636000,0 days 00:00:17.781000,0 days 00:00:37.977000,0 days 00:00:32.288000
STR,56.0,0 days 00:01:27.952000,10.0,0 days 02:22:45.588000,0 days 00:00:17.457000,0 days 00:00:38.333000,0 days 00:00:32.162000
STR,57.0,0 days 00:01:28.109000,10.0,0 days 02:24:13.697000,0 days 00:00:17.511000,0 days 00:00:37.976000,0 days 00:00:32.622000
STR,58.0,0 days 00:01:29.029000,9.0,0 days 02:25:42.726000,0 days 00:00:17.721000,0 days 00:00:37.932000,0 days 00:00:33.376000
BOR,1.0,0 days 00:01:35.941000,7.0,0 days 00:59:56.675000,,0 days 00:00:39.142000,0 days 00:00:33.990000
BOR,2.0,0 days 00:01:30.656000,7.0,0 days 01:01:27.331000,0 days 00:00:18.311000,0 days 00:00:38.082000,0 days 00:00:34.263000
BOR,3.0,0 days 00:01:30.137000,7.0,0 days 01:02:57.468000,0 days 00:00:18.189000,0 days 00:00:38.019000,0 days 00:00:33.929000
BOR,4.0,0 days 00:01:30.222000,7.0,0 days 01:04:27.690000,0 days 00:00:18.088000,0 days 00:00:38.138000,0 days 00:00:33.996000
BOR,5.0,0 days 00:01:30.186000,7.0,0 days 01:05:57.876000,0 days 00:00:18.185000,0 days 00:00:38.128000,0 days 00:00:33.873000
BOR,6.0,0 days 00:01:30.444000,7.0,0 days 01:07:28.320000,0 days 00:00:18.122000,0 days 00:00:38.404000,0 days 00:00:33.918000
BOR,7.0,0 days 00:01:30.367000,7.0,0 days 01:08:58.687000,0 days 00:00:18.040000,0 days 00:00:38.363000,0 days 00:00:33.964000
BOR,8.0,0 days 00:01:30.266000,7.0,0 days 01:10:28.953000,0 days 00:00:18.120000,0 days 00:00:38.388000,0 days 00:00:33.758000
BOR,9.0,0 days 00:01:30.058000,7.0,0 days 01:11:59.011000,0 days 00:00:18.077000,0 days 00:00:38.457000,0 days 00:00:33.524000
BOR,10.0,0 days 00:01:30.086000,7.0,0 days 01:13:29.097000,0 days 00:00:18.061000,0 days 00:00:38.408000,0 days 00:00:33.617000
BOR,11.0,0 days 00:01:30.223000,7.0,0 days 01:14:59.320000,0 days 00:00:18.176000,0 days 00:00:38.711000,0 days 00:00:33.336000
BOR,12.0,0 days 00:01:30.151000,7.0,0 days 01:16:29.471000,0 days 00:00:18.245000,0 days 00:00:38.789000,0 days 00:00:33.117000
BOR,13.0,0 days 00:01:30.144000,7.0,0 days 01:17:59.615000,0 days 00:00:18.156000,0 days 00:00:38.638000,0 days 00:00:33.350000
BOR,14.0,0 days 00:01:30.359000,7.0,0 days 01:19:29.974000,0 days 00:00:18.017000,0 days 00:00:39.102000,0 days 00:00:33.240000
BOR,15.0,0 days 00:01:31.832000,6.0,0 days 01:21:01.806000,0 days 00:00:18.149000,0 days 00:00:38.695000,0 days 00:00:34.988000
BOR,16.0,0 days 00:01:49.682000,15.0,0 days 01:22:51.488000,0 days 00:00:38.621000,0 days 00:00:38.623000,0 days 00:00:32.438000
BOR,17.0,0 days 00:01:30.377000,15.0,0 days 01:24:21.865000,0 days 00:00:17.896000,0 days 00:00:38.809000,0 days 00:00:33.672000
BOR,18.0,0 days 00:01:30.116000,15.0,0 days 01:25:51.981000,0 days 00:00:17.973000,0 days 00:00:38.156000,0 days 00:00:33.987000
BOR,19.0,0 days 00:01:30.036000,14.0,0 days 01:27:22.017000,0 days 00:00:17.893000,0 days 00:00:38.402000,0 days 00:00:33.741000
BOR,20.0,0 days 00:01:30.128000,13.0,0 days 01:28:52.145000,0 days 00:00:18.006000,0 days 00:00:38.355000,0 days 00:00:33.767000
BOR,21.0,0 days 00:01:30.056000,13.0,0 days 01:30:22.201000,0 days 00:00:17.999000,0 days 00:00:37.957000,0 days 00:00:34.100000
BOR,22.0,0 days 00:01:30.340000,12.0,0 days 01:31:52.541000,0 days 00:00:18.063000,0 days 00:00:38.187000,0 days 00:00:34.090000
BOR,23.0,0 days 00:01:29.997000,12.0,0 days 01:33:22.538000,0 days 00:00:18.090000,0 days 00:00:38.145000,0 days 00:00:33.762000
BOR,24.0,0 days 00:01:30.145000,11.0,0 days 01:34:52.683000,0 days 00:00:18.029000,0 days 00:00:38.182000,0 days 00:00:33.934000
BOR,25.0,0 days 00:01:30.091000,11.0,0 days 01:36:22.774000,0 days 00:00:18.004000,0 days 00:00:38.119000,0 days 00:00:33.968000
BOR,26.0,0 days 00:01:29.933000,11.0,0 days 01:37:52.707000,0 days 00:00:18.020000,0 days 00:00:38.071000,0 days 00:00:33.842000
BOR,27.0,0 days 00:01:30.479000,11.0,0 days 01:39:23.186000,0 days 00:00:18.014000,0 days 00:00:38.164000,0 days 00:00:34.301000
BOR,28.0,0 days 00:01:30.695000,11.0,0 days 01:40:53.881000,0 days 00:00:18.103000,0 days 00:00:38.272000,0 days 00:00:34.320000
BOR,29.0,0 days 00:01:30.312000,11.0,0 days 01:42:24.193000,0 days 00:00:18.072000,0 days 00:00:37.950000,0 days 00:00:34.290000
BOR,30.0,0 days 00:01:29.833000,10.0,0 days 01:43:54.026000,0 days 00:00:18.055000,0 days 00:00:37.999000,0 days 00:00:33.779000
BOR,31.0,0 days 00:01:29.981000,10.0,0 days 01:45:24.007000,0 days 00:00:18.037000,0 days 00:00:38.667000,0 days 00:00:33.277000
BOR,32.0,0 days 00:01:29.829000,9.0,0 days 01:46:53.836000,0 days 00:00:17.928000,0 days 00:00:38.245000,0 days 00:00:33.656000
BOR,33.0,0 days 00:01:29.954000,8.0,0 days 01:48:23.790000,0 days 00:00:17.970000,0 days 00:00:38.299000,0 days 00:00:33.685000
BOR,34.0,0 days 00:01:29.862000,8.0,0 days 01:49:53.652000,0 days 00:00:18.028000,0 days 00:00:38.223000,0 days 00:00:33.611000
BOR,35.0,0 days 00:01:29.708000,8.0,0 days 01:51:23.360000,0 days 00:00:17.982000,0 days 00:00:38.113000,0 days 00:00:33.613000
BOR,36.0,0 days 00:01:29.735000,8.0,0 days 01:52:53.095000,0 days 00:00:17.884000,0 days 00:00:38.155000,0 days 00:00:33.696000
BOR,37.0,0 days 00:01:30.367000,8.0,0 days 01:54:23.462000,0 days 00:00:17.884000,0 days 00:00:38.387000,0 days 00:00:34.096000
BOR,38.0,0 days 00:01:31.005000,9.0,0 days 01:55:54.467000,0 days 00:00:17.910000,0 days 00:00:38.512000,0 days 00:00:34.583000
BOR,39.0,0 days 00:01:30.115000,9.0,0 days 01:57:24.582000,0 days 00:00:17.959000,0 days 00:00:38.033000,0 days 00:00:34.123000
BOR,40.0,0 days 00:01:30.021000,9.0,0 days 01:58:54.603000,0 days 00:00:17.891000,0 days 00:00:38.041000,0 days 00:00:34.089000
BOR,41.0,0 days 00:01:31.051000,10.0,0 days 02:00:25.654000,0 days 00:00:18.010000,0 days 00:00:38.773000,0 days 00:00:34.268000
BOR,42.0,0 days 00:01:29.836000,10.0,0 days 02:01:55.490000,0 days 00:00:18.065000,0 days 00:00:38.344000,0 days 00:00:33.427000
BOR,43.0,0 days 00:01:30.299000,10.0,0 days 02:03:25.789000,0 days 00:00:17.981000,0 days 00:00:38.818000,0 days 00:00:33.500000
BOR,44.0,0 days 00:01:29.654000,10.0,0 days 02:04:55.443000,0 days 00:00:17.953000,0 days 00:00:38.591000,0 days 00:00:33.110000
BOR,45.0,0 days 00:01:29.363000,10.0,0 days 02:06:24.806000,0 days 00:00:17.850000,0 days 00:00:38.477000,0 days 00:00:33.036000
BOR,46.0,0 days 00:01:29.386000,10.0,0 days 02:07:54.192000,0 days 00:00:17.974000,0 days 00:00:38.429000,0 days 00:00:32.983000
BOR,47.0,0 days 00:01:29.114000,10.0,0 days 02:09:23.306000,0 days 00:00:17.894000,0 days 00:00:38.341000,0 days 00:00:32.879000
BOR,48.0,0 days 00:01:29.371000,10.0,0 days 02:10:52.677000,0 days 00:00:18.022000,0 days 00:00:38.598000,0 days 00:00:32.751000
BOR,49.0,0 days 00:01:29.459000,10.0,0 days 02:12:22.136000,0 days 00:00:17.924000,0 days 00:00:38.584000,0 days 00:00:32.951000
BOR,50.0,0 days 00:01:29.145000,10.0,0 days 02:13:51.281000,0 days 00:00:17.898000,0 days 00:00:38.506000,0 days 00:00:32.741000
BOR,51.0,0 days 00:01:29.253000,10.0,0 days 02:15:20.534000,0 days 00:00:17.987000,0 days 00:00:38.507000,0 days 00:00:32.759000
BOR,52.0,0 days 00:01:29.229000,10.0,0 days 02:16:49.763000,0 days 00:00:17.812000,0 days 00:00:38.604000,0 days 00:00:32.813000
BOR,53.0,0 days 00:01:29.609000,10.0,0 days 02:18:19.372000,0 days 00:00:17.808000,0 days 00:00:38.674000,0 days 00:00:33.127000
BOR,54.0,0 days 00:01:29.723000,10.0,0 days 02:19:49.095000,0 days 00:00:17.854000,0 days 00:00:38.701000,0 days 00:00:33.168000
BOR,55.0,0 days 00:01:30.038000,11.0,0 days 02:21:19.133000,0 days 00:00:17.989000,0 days 00:00:38.690000,0 days 00:00:33.359000
BOR,56.0,0 days 00:01:29.610000,11.0,0 days 02:22:48.743000,0 days 00:00:17.841000,0 days 00:00:38.618000,0 days 00:00:33.151000
BOR,57.0,0 days 00:01:29.836000,11.0,0 days 02:24:18.579000,0 days 00:00:17.853000,0 days 00:00:38.967000,0 days 00:00:33.016000
BOR,58.0,0 days 00:01:30.667000,12.0,0 days 02:25:49.246000,0 days 00:00:17.901000,0 days 00:00:38.794000,0 days 00:00:33.972000
BEA,1.0,0 days 00:01:38.391000,12.0,0 days 00:59:59.125000,,0 days 00:00:39.226000,0 days 00:00:35.304000
BEA,2.0,0 days 00:01:31.021000,12.0,0 days 01:01:30.146000,0 days 00:00:18.497000,0 days 00:00:38.711000,0 days 00:00:33.813000
BEA,3.0,0 days 00:01:30.467000,12.0,0 days 01:03:00.613000,0 days 00:00:18.265000,0 days 00:00:38.264000,0 days 00:00:33.938000
BEA,4.0,0 days 00:01:30.741000,12.0,0 days 01:04:31.354000,0 days 00:00:18.116000,0 days 00:00:38.791000,0 days 00:00:33.834000
BEA,5.0,0 days 00:01:30.190000,12.0,0 days 01:06:01.544000,0 days 00:00:18.010000,0 days 00:00:38.404000,0 days 00:00:33.776000
BEA,6.0,0 days 00:01:30.288000,12.0,0 days 01:07:31.832000,0 days 00:00:18.101000,0 days 00:00:38.468000,0 days 00:00:33.719000
BEA,7.0,0 days 00:01:30.546000,12.0,0 days 01:09:02.378000,0 days 00:00:18.197000,0 days 00:00:38.335000,0 days 00:00:34.014000
BEA,8.0,0 days 00:01:30.343000,12.0,0 days 01:10:32.721000,0 days 00:00:18.157000,0 days 00:00:38.273000,0 days 00:00:33.913000
BEA,9.0,0 days 00:01:30.285000,12.0,0 days 01:12:03.006000,0 days 00:00:18.108000,0 days 00:00:38.232000,0 days 00:00:33.945000
BEA,10.0,0 days 00:01:30.754000,12.0,0 days 01:13:33.760000,0 days 00:00:18.147000,0 days 00:00:38.373000,0 days 00:00:34.234000
BEA,11.0,0 days 00:01:30.903000,12.0,0 days 01:15:04.663000,0 days 00:00:18.156000,0 days 00:00:38.500000,0 days 00:00:34.247000
BEA,12.0,0 days 00:01:31.017000,12.0,0 days 01:16:35.680000,0 days 00:00:18.166000,0 days 00:00:38.817000,0 days 00:00:34.034000
BEA,13.0,0 days 00:01:31.060000,12.0,0 days 01:18:06.740000,0 days 00:00:18.118000,0 days 00:00:38.960000,0 days 00:00:33.982000
BEA,14.0,0 days 00:01:32.668000,14.0,0 days 01:19:39.408000,0 days 00:00:18.137000,0 days 00:00:38.453000,0 days 00:00:36.078000
BEA,15.0,0 days 00:01:50.249000,19.0,0 days 01:21:29.657000,0 days 00:00:38.628000,0 days 00:00:38.762000,0 days 00:00:32.859000
BEA,16.0,0 days 00:01:29.263000,18.0,0 days 01:22:58.920000,0 days 00:00:18.078000,0 days 00:00:38.394000,0 days 00:00:32.791000
BEA,17.0,0 days 00:01:29.863000,18.0,0 days 01:24:28.783000,0 days 00:00:18.214000,0 days 00:00:38.618000,0 days 00:00:33.031000
BEA,18.0,0 days 00:01:29.533000,18.0,0 days 01:25:58.316000,0 days 00:00:18.093000,0 days 00:00:38.374000,0 days 00:00:33.066000
BEA,19.0,0 days 00:01:29.922000,17.0,0 days 01:27:28.238000,0 days 00:00:18.145000,0 days 00:00:38.502000,0 days 00:00:33.275000
BEA,20.0,0 days 00:01:29.787000,16.0,0 days 01:28:58.025000,0 days 00:00:18.179000,0 days 00:00:38.501000,0 days 00:00:33.107000
BEA,21.0,0 days 00:01:29.645000,16.0,0 days 01:30:27.670000,0 days 00:00:18.009000,0 days 00:00:38.375000,0 days 00:00:33.261000
BEA,22.0,0 days 00:01:29.473000,15.0,0 days 01:31:57.143000,0 days 00:00:17.871000,0 days 00:00:37.998000,0 days 00:00:33.604000
BEA,23.0,0 days 00:01:30.934000,16.0,0 days 01:33:28.077000,0 days 00:00:17.815000,0 days 00:00:38.289000,0 days 00:00:34.830000
BEA,24.0,0 days 00:01:30.110000,16.0,0 days 01:34:58.187000,0 days 00:00:17.979000,0 days 00:00:38.760000,0 days 00:00:33.371000
BEA,25.0,0 days 00:01:29.667000,15.0,0 days 01:36:27.854000,0 days 00:00:18.029000,0 days 00:00:38.388000,0 days 00:00:33.250000
BEA,26.0,0 days 00:01:29.883000,15.0,0 days 01:37:57.737000,0 days 00:00:17.918000,0 days 00:00:38.740000,0 days 00:00:33.225000
BEA,27.0,0 days 00:01:29.469000,15.0,0 days 01:39:27.206000,0 days 00:00:17.784000,0 days 00:00:38.146000,0 days 00:00:33.539000
BEA,28.0,0 days 00:01:29.491000,14.0,0 days 01:40:56.697000,0 days 00:00:17.946000,0 days 00:00:38.303000,0 days 00:00:33.242000
BEA,29.0,0 days 00:01:29.995000,14.0,0 days 01:42:26.692000,0 days 00:00:17.959000,0 days 00:00:38.651000,0 days 00:00:33.385000
BEA,30.0,0 days 00:01:29.763000,14.0,0 days 01:43:56.455000,0 days 00:00:17.917000,0 days 00:00:38.023000,0 days 00:00:33.823000
BEA,31.0,0 days 00:01:31.192000,14.0,0 days 01:45:27.647000,0 days 00:00:18.172000,0 days 00:00:38.454000,0 days 00:00:34.566000
BEA,32.0,0 days 00:01:30.214000,12.0,0 days 01:46:57.861000,0 days 00:00:17.904000,0 days 00:00:38.269000,0 days 00:00:34.041000
BEA,33.0,0 days 00:01:29.430000,10.0,0 days 01:48:27.291000,0 days 00:00:17.919000,0 days 00:00:38.345000,0 days 00:00:33.166000
BEA,34.0,0 days 00:01:29.491000,10.0,0 days 01:49:56.782000,0 days 00:00:17.943000,0 days 00:00:38.570000,0 days 00:00:32.978000
BEA,35.0,0 days 00:01:29.323000,10.0,0 days 01:51:26.105000,0 days 00:00:17.831000,0 days 00:00:38.445000,0 days 00:00:33.047000
BEA,36.0,0 days 00:01:29.455000,10.0,0 days 01:52:55.560000,0 days 00:00:17.923000,0 days 00:00:38.397000,0 days 00:00:33.135000
BEA,37.0,0 days 00:01:29.436000,10.0,0 days 01:54:24.996000,0 days 00:00:17.822000,0 days 00:00:38.360000,0 days 00:00:33.254000
BEA,38.0,0 days 00:01:29.972000,10.0,0 days 01:55:54.968000,0 days 00:00:17.869000,0 days 00:00:38.522000,0 days 00:00:33.581000
BEA,39.0,0 days 00:01:30.042000,10.0,0 days 01:57:25.010000,0 days 00:00:18.092000,0 days 00:00:38.151000,0 days 00:00:33.799000
BEA,40.0,0 days 00:01:30.056000,10.0,0 days 01:58:55.066000,0 days 00:00:17.918000,0 days 00:00:38.106000,0 days 00:00:34.032000
BEA,41.0,0 days 00:01:29.816000,9.0,0 days 02:00:24.882000,0 days 00:00:17.853000,0 days 00:00:38.470000,0 days 00:00:33.493000
BEA,42.0,0 days 00:01:29.340000,9.0,0 days 02:01:54.222000,0 days 00:00:17.845000,0 days 00:00:38.516000,0 days 00:00:32.979000
BEA,43.0,0 days 00:01:29.324000,8.0,0 days 02:03:23.546000,0 days 00:00:17.716000,0 days 00:00:38.569000,0 days 00:00:33.039000
BEA,44.0,0 days 00:01:29.307000,8.0,0 days 02:04:52.853000,0 days 00:00:17.753000,0 days 00:00:38.504000,0 days 00:00:33.050000
BEA,45.0,0 days 00:01:30.196000,9.0,0 days 02:06:23.049000,0 days 00:00:17.772000,0 days 00:00:38.767000,0 days 00:00:33.657000
BEA,46.0,0 days 00:01:29.469000,9.0,0 days 02:07:52.518000,0 days 00:00:17.814000,0 days 00:00:38.246000,0 days 00:00:33.409000
BEA,47.0,0 days 00:01:28.981000,9.0,0 days 02:09:21.499000,0 days 00:00:17.805000,0 days 00:00:38.044000,0 days 00:00:33.132000
BEA,48.0,0 days 00:01:29.306000,9.0,0 days 02:10:50.805000,0 days 00:00:17.793000,0 days 00:00:38.540000,0 days 00:00:32.973000
BEA,49.0,0 days 00:01:29.241000,9.0,0 days 02:12:20.046000,0 days 00:00:17.699000,0 days 00:00:38.422000,0 days 00:00:33.120000
BEA,50.0,0 days 00:01:28.976000,9.0,0 days 02:13:49.022000,0 days 00:00:17.727000,0 days 00:00:38.330000,0 days 00:00:32.919000
BEA,51.0,0 days 00:01:29.246000,9.0,0 days 02:15:18.268000,0 days 00:00:17.780000,0 days 00:00:38.481000,0 days 00:00:32.985000
BEA,52.0,0 days 00:01:29.070000,9.0,0 days 02:16:47.338000,0 days 00:00:17.717000,0 days 00:00:38.425000,0 days 00:00:32.928000
BEA,53.0,0 days 00:01:29.197000,9.0,0 days 02:18:16.535000,0 days 00:00:17.773000,0 days 00:00:38.502000,0 days 00:00:32.922000
BEA,54.0,0 days 00:01:29.276000,9.0,0 days 02:19:45.811000,0 days 00:00:17.729000,0 days 00:00:38.612000,0 days 00:00:32.935000
BEA,55.0,0 days 00:01:29.112000,9.0,0 days 02:21:14.923000,0 days 00:00:17.714000,0 days 00:00:38.504000,0 days 00:00:32.894000
BEA,56.0,0 days 00:01:29.175000,9.0,0 days 02:22:44.098000,0 days 00:00:17.748000,0 days 00:00:38.508000,0 days 00:00:32.919000
BEA,57.0,0 days 00:01:28.980000,9.0,0 days 02:24:13.078000,0 days 00:00:17.691000,0 days 00:00:38.534000,0 days 00:00:32.755000
BEA,58.0,0 days 00:01:31.291000,10.0,0 days 02:25:44.369000,0 days 00:00:17.616000,0 days 00:00:38.576000,0 days 00:00:35.099000
SAI,1.0,0 days 00:01:39.010000,13.0,0 days 00:59:59.744000,,0 days 00:00:39.538000,0 days 00:00:35.634000
SAI,2.0,0 days 00:01:31.984000,14.0,0 days 01:01:31.728000,0 days 00:00:18.613000,0 days 00:00:37.950000,0 days 00:00:35.421000
SAI,3.0,0 days 00:01:30.119000,14.0,0 days 01:03:01.847000,0 days 00:00:18.309000,0 days 00:00:37.805000,0 days 00:00:34.005000
SAI,4.0,0 days 00:01:30.829000,14.0,0 days 01:04:32.676000,0 days 00:00:18.170000,0 days 00:00:37.886000,0 days 00:00:34.773000
SAI,5.0,0 days 00:01:30.224000,14.0,0 days 01:06:02.900000,0 days 00:00:18.300000,0 days 00:00:37.974000,0 days 00:00:33.950000
SAI,6.0,0 days 00:01:30.274000,14.0,0 days 01:07:33.174000,0 days 00:00:18.213000,0 days 00:00:37.943000,0 days 00:00:34.118000
SAI,7.0,0 days 00:01:30.379000,14.0,0 days 01:09:03.553000,0 days 00:00:18.353000,0 days 00:00:38.015000,0 days 00:00:34.011000
SAI,8.0,0 days 00:01:30.558000,13.0,0 days 01:10:34.111000,0 days 00:00:18.320000,0 days 00:00:38.035000,0 days 00:00:34.203000
SAI,9.0,0 days 00:01:30.047000,13.0,0 days 01:12:04.158000,0 days 00:00:18.249000,0 days 00:00:38.248000,0 days 00:00:33.550000
SAI,10.0,0 days 00:01:30.457000,13.0,0 days 01:13:34.615000,0 days 00:00:18.181000,0 days 00:00:38.055000,0 days 00:00:34.221000
SAI,11.0,0 days 00:01:30.872000,13.0,0 days 01:15:05.487000,0 days 00:00:18.251000,0 days 00:00:38.123000,0 days 00:00:34.498000
SAI,12.0,0 days 00:01:30.955000,13.0,0 days 01:16:36.442000,0 days 00:00:18.262000,0 days 00:00:38.241000,0 days 00:00:34.452000
SAI,13.0,0 days 00:01:31.109000,13.0,0 days 01:18:07.551000,0 days 00:00:18.254000,0 days 00:00:38.359000,0 days 00:00:34.496000
SAI,14.0,0 days 00:01:31.059000,12.0,0 days 01:19:38.610000,0 days 00:00:18.254000,0 days 00:00:38.350000,0 days 00:00:34.455000
SAI,15.0,0 days 00:01:30.862000,10.0,0 days 01:21:09.472000,0 days 00:00:18.147000,0 days 00:00:38.786000,0 days 00:00:33.929000
SAI,16.0,0 days 00:01:31.855000,10.0,0 days 01:22:41.327000,0 days 00:00:18.191000,0 days 00:00:38.974000,0 days 00:00:34.690000
SAI,17.0,0 days 00:01:31.170000,7.0,0 days 01:24:12.497000,0 days 00:00:18.273000,0 days 00:00:38.339000,0 days 00:00:34.558000
SAI,18.0,0 days 00:01:33.531000,10.0,0 days 01:25:46.028000,0 days 00:00:18.253000,0 days 00:00:39.131000,0 days 00:00:36.147000
SAI,19.0,0 days 00:01:49.277000,18.0,0 days 01:27:35.305000,0 days 00:00:38.263000,0 days 00:00:38.367000,0 days 00:00:32.647000
SAI,20.0,0 days 00:01:29.219000,18.0,0 days 01:29:04.524000,0 days 00:00:18.064000,0 days 00:00:38.244000,0 days 00:00:32.911000
SAI,21.0,0 days 00:01:29.220000,18.0,0 days 01:30:33.744000,0 days 00:00:18.008000,0 days 00:00:38.364000,0 days 00:00:32.848000
SAI,22.0,0 days 00:01:29.300000,17.0,0 days 01:32:03.044000,0 days 00:00:17.946000,0 days 00:00:38.297000,0 days 00:00:33.057000
SAI,23.0,0 days 00:01:29.440000,17.0,0 days 01:33:32.484000,0 days 00:00:18.083000,0 days 00:00:38.296000,0 days 00:00:33.061000
SAI,24.0,0 days 00:01:29.327000,17.0,0 days 01:35:01.811000,0 days 00:00:18.088000,0 days 00:00:38.293000,0 days 00:00:32.946000
SAI,25.0,0 days 00:01:29.657000,17.0,0 days 01:36:31.468000,0 days 00:00:18.019000,0 days 00:00:38.423000,0 days 00:00:33.215000
SAI,26.0,0 days 00:01:29.766000,17.0,0 days 01:38:01.234000,0 days 00:00:18.104000,0 days 00:00:38.411000,0 days 00:00:33.251000
SAI,27.0,0 days 00:01:29.825000,17.0,0 days 01:39:31.059000,0 days 00:00:18.056000,0 days 00:00:38.549000,0 days 00:00:33.220000
SAI,28.0,0 days 00:01:29.888000,17.0,0 days 01:41:00.947000,0 days 00:00:17.986000,0 days 00:00:38.585000,0 days 00:00:33.317000
SAI,29.0,0 days 00:01:29.946000,17.0,0 days 01:42:30.893000,0 days 00:00:18.019000,0 days 00:00:38.512000,0 days 00:00:33.415000
SAI,30.0,0 days 00:01:30.072000,17.0,0 days 01:44:00.965000,0 days 00:00:18.164000,0 days 00:00:38.436000,0 days 00:00:33.472000
SAI,31.0,0 days 00:01:29.924000,17.0,0 days 01:45:30.889000,0 days 00:00:17.999000,0 days 00:00:38.352000,0 days 00:00:33.573000
SAI,32.0,0 days 00:01:29.724000,15.0,0 days 01:47:00.613000,0 days 00:00:17.946000,0 days 00:00:37.979000,0 days 00:00:33.799000
SAI,33.0,0 days 00:01:29.965000,12.0,0 days 01:48:30.578000,0 days 00:00:18.062000,0 days 00:00:38.457000,0 days 00:00:33.446000
SAI,34.0,0 days 00:01:29.656000,12.0,0 days 01:50:00.234000,0 days 00:00:18.081000,0 days 00:00:38.402000,0 days 00:00:33.173000
SAI,35.0,0 days 00:01:29.576000,12.0,0 days 01:51:29.810000,0 days 00:00:18.080000,0 days 00:00:38.384000,0 days 00:00:33.112000
SAI,36.0,0 days 00:01:29.410000,12.0,0 days 01:52:59.220000,0 days 00:00:17.981000,0 days 00:00:38.330000,0 days 00:00:33.099000
SAI,37.0,0 days 00:01:29.212000,12.0,0 days 01:54:28.432000,0 days 00:00:18.006000,0 days 00:00:38.252000,0 days 00:00:32.954000
SAI,38.0,0 days 00:01:29.601000,12.0,0 days 01:55:58.033000,0 days 00:00:18.023000,0 days 00:00:38.340000,0 days 00:00:33.238000
SAI,39.0,0 days 00:01:29.938000,12.0,0 days 01:57:27.971000,0 days 00:00:17.918000,0 days 00:00:38.515000,0 days 00:00:33.505000
SAI,40.0,0 days 00:01:29.976000,12.0,0 days 01:58:57.947000,0 days 00:00:18.092000,0 days 00:00:38.493000,0 days 00:00:33.391000
SAI,41.0,0 days 00:01:30.502000,13.0,0 days 02:00:28.449000,0 days 00:00:18.076000,0 days 00:00:38.724000,0 days 00:00:33.702000
SAI,42.0,0 days 00:01:29.679000,12.0,0 days 02:01:58.128000,0 days 00:00:18.079000,0 days 00:00:38.410000,0 days 00:00:33.190000
SAI,43.0,0 days 00:01:29.485000,11.0,0 days 02:03:27.613000,0 days 00:00:17.908000,0 days 00:00:38.367000,0 days 00:00:33.210000
SAI,44.0,0 days 00:01:29.431000,11.0,0 days 02:04:57.044000,0 days 00:00:18.010000,0 days 00:00:38.257000,0 days 00:00:33.164000
SAI,45.0,0 days 00:01:29.336000,11.0,0 days 02:06:26.380000,0 days 00:00:17.958000,0 days 00:00:38.279000,0 days 00:00:33.099000
SAI,46.0,0 days 00:01:29.242000,11.0,0 days 02:07:55.622000,0 days 00:00:17.855000,0 days 00:00:38.278000,0 days 00:00:33.109000
SAI,47.0,0 days 00:01:29.373000,11.0,0 days 02:09:24.995000,0 days 00:00:17.898000,0 days 00:00:38.332000,0 days 00:00:33.143000
SAI,48.0,0 days 00:01:29.272000,11.0,0 days 02:10:54.267000,0 days 00:00:17.902000,0 days 00:00:38.303000,0 days 00:00:33.067000
SAI,49.0,0 days 00:01:29.168000,11.0,0 days 02:12:23.435000,0 days 00:00:17.838000,0 days 00:00:38.249000,0 days 00:00:33.081000
SAI,50.0,0 days 00:01:29.162000,11.0,0 days 02:13:52.597000,0 days 00:00:17.796000,0 days 00:00:38.386000,0 days 00:00:32.980000
SAI,51.0,0 days 00:01:29.052000,11.0,0 days 02:15:21.649000,0 days 00:00:17.757000,0 days 00:00:38.024000,0 days 00:00:33.271000
SAI,52.0,0 days 00:01:29.090000,11.0,0 days 02:16:50.739000,0 days 00:00:17.754000,0 days 00:00:38.072000,0 days 00:00:33.264000
SAI,53.0,0 days 00:01:29.496000,11.0,0 days 02:18:20.235000,0 days 00:00:17.728000,0 days 00:00:37.868000,0 days 00:00:33.900000
SAI,54.0,0 days 00:01:30.355000,12.0,0 days 02:19:50.590000,0 days 00:00:17.732000,0 days 00:00:38.327000,0 days 00:00:34.296000
SAI,55.0,0 days 00:01:29.556000,12.0,0 days 02:21:20.146000,0 days 00:00:17.905000,0 days 00:00:38.016000,0 days 00:00:33.635000
SAI,56.0,0 days 00:01:29.442000,12.0,0 days 02:22:49.588000,0 days 00:00:17.746000,0 days 00:00:37.760000,0 days 00:00:33.936000
SAI,57.0,0 days 00:01:30.727000,13.0,0 days 02:24:20.315000,0 days 00:00:17.817000,0 days 00:00:38.714000,0 days 00:00:34.196000
SAI,58.0,0 days 00:01:30.046000,13.0,0 days 02:25:50.361000,0 days 00:00:17.814000,0 days 00:00:38.404000,0 days 00:00:33.828000
TSU,1.0,0 days 00:01:37.567000,10.0,0 days 00:59:58.301000,,0 days 00:00:39.515000,0 days 00:00:34.714000
TSU,2.0,0 days 00:01:30.688000,10.0,0 days 01:01:28.989000,0 days 00:00:18.476000,0 days 00:00:38.041000,0 days 00:00:34.171000
TSU,3.0,0 days 00:01:30.383000,10.0,0 days 01:02:59.372000,0 days 00:00:18.447000,0 days 00:00:38.020000,0 days 00:00:33.916000
TSU,4.0,0 days 00:01:30.521000,10.0,0 days 01:04:29.893000,0 days 00:00:18.402000,0 days 00:00:38.083000,0 days 00:00:34.036000
TSU,5.0,0 days 00:01:30.323000,10.0,0 days 01:06:00.216000,0 days 00:00:18.330000,0 days 00:00:38.042000,0 days 00:00:33.951000
TSU,6.0,0 days 00:01:30.361000,10.0,0 days 01:07:30.577000,0 days 00:00:18.285000,0 days 00:00:38.057000,0 days 00:00:34.019000
TSU,7.0,0 days 00:01:30.468000,10.0,0 days 01:09:01.045000,0 days 00:00:18.258000,0 days 00:00:38.083000,0 days 00:00:34.127000
TSU,8.0,0 days 00:01:30.395000,10.0,0 days 01:10:31.440000,0 days 00:00:18.214000,0 days 00:00:38.147000,0 days 00:00:34.034000
TSU,9.0,0 days 00:01:30.184000,10.0,0 days 01:12:01.624000,0 days 00:00:18.204000,0 days 00:00:38.167000,0 days 00:00:33.813000
TSU,10.0,0 days 00:01:30.588000,10.0,0 days 01:13:32.212000,0 days 00:00:18.083000,0 days 00:00:38.769000,0 days 00:00:33.736000
TSU,11.0,0 days 00:01:30.652000,10.0,0 days 01:15:02.864000,0 days 00:00:18.037000,0 days 00:00:38.395000,0 days 00:00:34.220000
TSU,12.0,0 days 00:01:30.860000,10.0,0 days 01:16:33.724000,0 days 00:00:18.205000,0 days 00:00:38.467000,0 days 00:00:34.188000
TSU,13.0,0 days 00:01:30.901000,10.0,0 days 01:18:04.625000,0 days 00:00:18.077000,0 days 00:00:38.409000,0 days 00:00:34.415000
TSU,14.0,0 days 00:01:31.130000,10.0,0 days 01:19:35.755000,0 days 00:00:18.156000,0 days 00:00:38.471000,0 days 00:00:34.503000
TSU,15.0,0 days 00:01:30.556000,8.0,0 days 01:21:06.311000,0 days 00:00:18.004000,0 days 00:00:38.512000,0 days 00:00:34.040000
TSU,16.0,0 days 00:01:30.938000,7.0,0 days 01:22:37.249000,0 days 00:00:18.159000,0 days 00:00:38.922000,0 days 00:00:33.857000
TSU,17.0,0 days 00:01:30.915000,4.0,0 days 01:24:08.164000,0 days 00:00:18.044000,0 days 00:00:38.938000,0 days 00:00:33.933000
TSU,18.0,0 days 00:01:30.729000,4.0,0 days 01:25:38.893000,0 days 00:00:18.035000,0 days 00:00:38.648000,0 days 00:00:34.046000
TSU,19.0,0 days 00:01:30.685000,3.0,0 days 01:27:09.578000,0 days 00:00:18.058000,0 days 00:00:38.537000,0 days 00:00:34.090000
TSU,20.0,0 days 00:01:30.093000,3.0,0 days 01:28:39.671000,0 days 00:00:17.923000,0 days 00:00:38.733000,0 days 00:00:33.437000
TSU,21.0,0 days 00:01:30.314000,3.0,0 days 01:30:09.985000,0 days 00:00:18.023000,0 days 00:00:38.906000,0 days 00:00:33.385000
TSU,22.0,0 days 00:01:30.004000,3.0,0 days 01:31:39.989000,0 days 00:00:17.953000,0 days 00:00:38.667000,0 days 00:00:33.384000
TSU,23.0,0 days 00:01:31.428000,4.0,0 days 01:33:11.417000,0 days 00:00:17.880000,0 days 00:00:38.971000,0 days 00:00:34.577000
TSU,24.0,0 days 00:01:31.462000,5.0,0 days 01:34:42.879000,0 days 00:00:18.094000,0 days 00:00:38.931000,0 days 00:00:34.437000
TSU,25.0,0 days 00:01:30.072000,5.0,0 days 01:36:12.951000,0 days 00:00:17.968000,0 days 00:00:38.665000,0 days 00:00:33.439000
TSU,26.0,0 days 00:01:30.113000,5.0,0 days 01:37:43.064000,0 days 00:00:17.919000,0 days 00:00:38.743000,0 days 00:00:33.451000
TSU,27.0,0 days 00:01:30.140000,5.0,0 days 01:39:13.204000,0 days 00:00:18.009000,0 days 00:00:38.674000,0 days 00:00:33.457000
TSU,28.0,0 days 00:01:29.949000,5.0,0 days 01:40:43.153000,0 days 00:00:17.875000,0 days 00:00:38.706000,0 days 00:00:33.368000
TSU,29.0,0 days 00:01:30.834000,6.0,0 days 01:42:13.987000,0 days 00:00:17.878000,0 days 00:00:38.679000,0 days 00:00:34.277000
TSU,30.0,0 days 00:01:30.772000,6.0,0 days 01:43:44.759000,0 days 00:00:18.077000,0 days 00:00:38.946000,0 days 00:00:33.749000
TSU,31.0,0 days 00:01:30.057000,6.0,0 days 01:45:14.816000,0 days 00:00:17.963000,0 days 00:00:38.626000,0 days 00:00:33.468000
TSU,32.0,0 days 00:01:31.781000,6.0,0 days 01:46:46.597000,0 days 00:00:17.863000,0 days 00:00:38.729000,0 days 00:00:35.189000
TSU,33.0,0 days 00:01:55.049000,18.0,0 days 01:48:41.646000,0 days 00:00:43.708000,0 days 00:00:38.456000,0 days 00:00:32.885000
TSU,34.0,0 days 00:01:28.572000,17.0,0 days 01:50:10.218000,0 days 00:00:17.743000,0 days 00:00:38.098000,0 days 00:00:32.731000
TSU,35.0,0 days 00:01:28.955000,17.0,0 days 01:51:39.173000,0 days 00:00:17.799000,0 days 00:00:38.178000,0 days 00:00:32.978000
TSU,36.0,0 days 00:01:29.428000,17.0,0 days 01:53:08.601000,0 days 00:00:17.751000,0 days 00:00:38.103000,0 days 00:00:33.574000
TSU,37.0,0 days 00:01:29.165000,16.0,0 days 01:54:37.766000,0 days 00:00:17.791000,0 days 00:00:38.112000,0 days 00:00:33.262000
TSU,38.0,0 days 00:01:29.165000,16.0,0 days 01:56:06.931000,0 days 00:00:17.736000,0 days 00:00:38.315000,0 days 00:00:33.114000
TSU,39.0,0 days 00:01:28.686000,15.0,0 days 01:57:35.617000,0 days 00:00:17.758000,0 days 00:00:37.856000,0 days 00:00:33.072000
TSU,40.0,0 days 00:01:28.827000,15.0,0 days 01:59:04.444000,0 days 00:00:17.627000,0 days 00:00:38.368000,0 days 00:00:32.832000
TSU,41.0,0 days 00:01:28.857000,15.0,0 days 02:00:33.301000,0 days 00:00:17.670000,0 days 00:00:38.210000,0 days 00:00:32.977000
TSU,42.0,0 days 00:01:29.016000,15.0,0 days 02:02:02.317000,0 days 00:00:17.693000,0 days 00:00:38.417000,0 days 00:00:32.906000
TSU,43.0,0 days 00:01:29.443000,13.0,0 days 02:03:31.760000,0 days 00:00:17.648000,0 days 00:00:38.026000,0 days 00:00:33.769000
TSU,44.0,0 days 00:01:28.557000,12.0,0 days 02:05:00.317000,0 days 00:00:17.693000,0 days 00:00:37.915000,0 days 00:00:32.949000
TSU,45.0,0 days 00:01:28.892000,12.0,0 days 02:06:29.209000,0 days 00:00:17.665000,0 days 00:00:38.353000,0 days 00:00:32.874000
TSU,46.0,0 days 00:01:28.843000,12.0,0 days 02:07:58.052000,0 days 00:00:17.597000,0 days 00:00:38.354000,0 days 00:00:32.892000
TSU,47.0,0 days 00:01:28.703000,12.0,0 days 02:09:26.755000,0 days 00:00:17.571000,0 days 00:00:38.242000,0 days 00:00:32.890000
TSU,48.0,0 days 00:01:28.960000,12.0,0 days 02:10:55.715000,0 days 00:00:17.678000,0 days 00:00:38.340000,0 days 00:00:32.942000
TSU,49.0,0 days 00:01:29.150000,12.0,0 days 02:12:24.865000,0 days 00:00:17.634000,0 days 00:00:38.407000,0 days 00:00:33.109000
TSU,50.0,0 days 00:01:29.278000,12.0,0 days 02:13:54.143000,0 days 00:00:17.750000,0 days 00:00:38.498000,0 days 00:00:33.030000
TSU,51.0,0 days 00:01:29.286000,12.0,0 days 02:15:23.429000,0 days 00:00:17.740000,0 days 00:00:38.408000,0 days 00:00:33.138000
TSU,52.0,0 days 00:01:29.978000,13.0,0 days 02:16:53.407000,0 days 00:00:17.690000,0 days 00:00:38.683000,0 days 00:00:33.605000
TSU,53.0,0 days 00:01:29.612000,13.0,0 days 02:18:23.019000,0 days 00:00:17.760000,0 days 00:00:38.708000,0 days 00:00:33.144000
TSU,54.0,0 days 00:01:29.474000,13.0,0 days 02:19:52.493000,0 days 00:00:17.602000,0 days 00:00:38.516000,0 days 00:00:33.356000
TSU,55.0,0 days 00:01:30.240000,14.0,0 days 02:21:22.733000,0 days 00:00:17.746000,0 days 00:00:38.827000,0 days 00:00:33.667000
TSU,56.0,0 days 00:01:30.003000,14.0,0 days 02:22:52.736000,0 days 00:00:17.791000,0 days 00:00:38.730000,0 days 00:00:33.482000
TSU,57.0,0 days 00:01:29.695000,14.0,0 days 02:24:22.431000,0 days 00:00:17.711000,0 days 00:00:38.546000,0 days 00:00:33.438000
TSU,58.0,0 days 00:01:29.566000,14.0,0 days 02:25:51.997000,0 days 00:00:17.690000,0 days 00:00:38.459000,0 days 00:00:33.417000
ANT,1.0,0 days 00:01:40.726000,17.0,0 days 01:00:01.460000,,0 days 00:00:39.754000,0 days 00:00:36.430000
ANT,2.0,0 days 00:01:31.715000,17.0,0 days 01:01:33.175000,0 days 00:00:18.611000,0 days 00:00:38.218000,0 days 00:00:34.886000
ANT,3.0,0 days 00:01:30.492000,17.0,0 days 01:03:03.667000,0 days 00:00:18.513000,0 days 00:00:38.017000,0 days 00:00:33.962000
ANT,4.0,0 days 00:01:30.524000,17.0,0 days 01:04:34.191000,0 days 00:00:18.076000,0 days 00:00:38.076000,0 days 00:00:34.372000
ANT,5.0,0 days 00:01:30.707000,17.0,0 days 01:06:04.898000,0 days 00:00:18.406000,0 days 00:00:38.297000,0 days 00:00:34.004000
ANT,6.0,0 days 00:01:30.260000,17.0,0 days 01:07:35.158000,0 days 00:00:18.243000,0 days 00:00:38.178000,0 days 00:00:33.839000
ANT,7.0,0 days 00:01:30.308000,17.0,0 days 01:09:05.466000,0 days 00:00:18.231000,0 days 00:00:38.146000,0 days 00:00:33.931000
ANT,8.0,0 days 00:01:30.441000,16.0,0 days 01:10:35.907000,0 days 00:00:18.278000,0 days 00:00:38.196000,0 days 00:00:33.967000
ANT,9.0,0 days 00:01:30.028000,15.0,0 days 01:12:05.935000,0 days 00:00:18.220000,0 days 00:00:38.264000,0 days 00:00:33.544000
ANT,10.0,0 days 00:01:30.088000,15.0,0 days 01:13:36.023000,0 days 00:00:18.106000,0 days 00:00:38.132000,0 days 00:00:33.850000
ANT,11.0,0 days 00:01:30.655000,15.0,0 days 01:15:06.678000,0 days 00:00:18.294000,0 days 00:00:38.203000,0 days 00:00:34.158000
ANT,12.0,0 days 00:01:31.066000,15.0,0 days 01:16:37.744000,0 days 00:00:18.338000,0 days 00:00:38.398000,0 days 00:00:34.330000
ANT,13.0,0 days 00:01:30.976000,15.0,0 days 01:18:08.720000,0 days 00:00:18.303000,0 days 00:00:38.384000,0 days 00:00:34.289000
ANT,14.0,0 days 00:01:31.109000,15.0,0 days 01:19:39.829000,0 days 00:00:18.366000,0 days 00:00:38.383000,0 days 00:00:34.360000
ANT,15.0,0 days 00:01:30.930000,12.0,0 days 01:21:10.759000,0 days 00:00:18.190000,0 days 00:00:38.419000,0 days 00:00:34.321000
ANT,16.0,0 days 00:01:31.120000,11.0,0 days 01:22:41.879000,0 days 00:00:18.340000,0 days 00:00:38.437000,0 days 00:00:34.343000
ANT,17.0,0 days 00:01:31.120000,8.0,0 days 01:24:12.999000,0 days 00:00:18.258000,0 days 00:00:38.343000,0 days 00:00:34.519000
ANT,18.0,0 days 00:01:31.805000,8.0,0 days 01:25:44.804000,0 days 00:00:18.311000,0 days 00:00:39.120000,0 days 00:00:34.374000
ANT,19.0,0 days 00:01:31.119000,9.0,0 days 01:27:15.923000,0 days 00:00:18.018000,0 days 00:00:39.003000,0 days 00:00:34.098000
ANT,20.0,0 days 00:01:31.744000,9.0,0 days 01:28:47.667000,0 days 00:00:18.268000,0 days 00:00:39.341000,0 days 00:00:34.135000
ANT,21.0,0 days 00:01:31.807000,8.0,0 days 01:30:19.474000,0 days 00:00:18.115000,0 days 00:00:38.310000,0 days 00:00:35.382000
ANT,22.0,0 days 00:01:30.518000,8.0,0 days 01:31:49.992000,0 days 00:00:18.003000,0 days 00:00:38.311000,0 days 00:00:34.204000
ANT,23.0,0 days 00:01:30.129000,8.0,0 days 01:33:20.121000,0 days 00:00:18.029000,0 days 00:00:38.114000,0 days 00:00:33.986000
ANT,24.0,0 days 00:01:31.287000,9.0,0 days 01:34:51.408000,0 days 00:00:17.982000,0 days 00:00:39.183000,0 days 00:00:34.122000
ANT,25.0,0 days 00:01:30.200000,9.0,0 days 01:36:21.608000,0 days 00:00:17.954000,0 days 00:00:38.377000,0 days 00:00:33.869000
ANT,26.0,0 days 00:01:29.821000,9.0,0 days 01:37:51.429000,0 days 00:00:17.920000,0 days 00:00:38.414000,0 days 00:00:33.487000
ANT,27.0,0 days 00:01:31.272000,10.0,0 days 01:39:22.701000,0 days 00:00:17.941000,0 days 00:00:38.932000,0 days 00:00:34.399000
ANT,28.0,0 days 00:01:30.684000,10.0,0 days 01:40:53.385000,0 days 00:00:18.022000,0 days 00:00:38.349000,0 days 00:00:34.313000
ANT,29.0,0 days 00:01:30.334000,10.0,0 days 01:42:23.719000,0 days 00:00:18.020000,0 days 00:00:38.220000,0 days 00:00:34.094000
ANT,30.0,0 days 00:01:31.188000,11.0,0 days 01:43:54.907000,0 days 00:00:18.054000,0 days 00:00:38.474000,0 days 00:00:34.660000
ANT,31.0,0 days 00:01:31.017000,11.0,0 days 01:45:25.924000,0 days 00:00:18.166000,0 days 00:00:39.131000,0 days 00:00:33.720000
ANT,32.0,0 days 00:01:32.815000,13.0,0 days 01:46:58.739000,0 days 00:00:17.919000,0 days 00:00:39.043000,0 days 00:00:35.853000
ANT,33.0,0 days 00:01:50.724000,20.0,0 days 01:48:49.463000,0 days 00:00:39.422000,0 days 00:00:38.675000,0 days 00:00:32.627000
ANT,34.0,0 days 00:01:28.029000,19.0,0 days 01:50:17.492000,0 days 00:00:17.775000,0 days 00:00:37.908000,0 days 00:00:32.346000
ANT,35.0,0 days 00:01:28.319000,19.0,0 days 01:51:45.811000,0 days 00:00:17.814000,0 days 00:00:38.042000,0 days 00:00:32.463000
ANT,36.0,0 days 00:01:28.185000,19.0,0 days 01:53:13.996000,0 days 00:00:17.763000,0 days 00:00:38.109000,0 days 00:00:32.313000
ANT,37.0,0 days 00:01:28.677000,19.0,0 days 01:54:42.673000,0 days 00:00:17.764000,0 days 00:00:38.224000,0 days 00:00:32.689000
ANT,38.0,0 days 00:01:28.959000,19.0,0 days 01:56:11.632000,0 days 00:00:17.813000,0 days 00:00:38.049000,0 days 00:00:33.097000
ANT,39.0,0 days 00:01:29.347000,18.0,0 days 01:57:40.979000,0 days 00:00:17.809000,0 days 00:00:37.744000,0 days 00:00:33.794000
ANT,40.0,0 days 00:01:29.261000,18.0,0 days 01:59:10.240000,0 days 00:00:17.744000,0 days 00:00:37.991000,0 days 00:00:33.526000
ANT,41.0,0 days 00:01:28.130000,16.0,0 days 02:00:38.370000,0 days 00:00:17.729000,0 days 00:00:37.820000,0 days 00:00:32.581000
ANT,42.0,0 days 00:01:28.174000,16.0,0 days 02:02:06.544000,0 days 00:00:17.644000,0 days 00:00:38.139000,0 days 00:00:32.391000
ANT,43.0,0 days 00:01:28.398000,14.0,0 days 02:03:34.942000,0 days 00:00:17.601000,0 days 00:00:38.175000,0 days 00:00:32.622000
ANT,44.0,0 days 00:01:28.503000,14.0,0 days 02:05:03.445000,0 days 00:00:17.805000,0 days 00:00:38.146000,0 days 00:00:32.552000
ANT,45.0,0 days 00:01:29.001000,14.0,0 days 02:06:32.446000,0 days 00:00:17.731000,0 days 00:00:38.192000,0 days 00:00:33.078000
ANT,46.0,0 days 00:01:28.883000,14.0,0 days 02:08:01.329000,0 days 00:00:17.684000,0 days 00:00:37.963000,0 days 00:00:33.236000
ANT,47.0,0 days 00:01:28.104000,13.0,0 days 02:09:29.433000,0 days 00:00:17.730000,0 days 00:00:37.791000,0 days 00:00:32.583000
ANT,48.0,0 days 00:01:28.890000,13.0,0 days 02:10:58.323000,0 days 00:00:17.726000,0 days 00:00:38.373000,0 days 00:00:32.791000
ANT,49.0,0 days 00:01:28.862000,13.0,0 days 02:12:27.185000,0 days 00:00:17.729000,0 days 00:00:38.284000,0 days 00:00:32.849000
ANT,50.0,0 days 00:01:28.865000,13.0,0 days 02:13:56.050000,0 days 00:00:17.715000,0 days 00:00:38.414000,0 days 00:00:32.736000
ANT,51.0,0 days 00:01:29.698000,14.0,0 days 02:15:25.748000,0 days 00:00:17.701000,0 days 00:00:38.514000,0 days 00:00:33.483000
ANT,52.0,0 days 00:01:28.866000,14.0,0 days 02:16:54.614000,0 days 00:00:17.678000,0 days 00:00:38.394000,0 days 00:00:32.794000
ANT,53.0,0 days 00:01:29.395000,14.0,0 days 02:18:24.009000,0 days 00:00:17.721000,0 days 00:00:38.802000,0 days 00:00:32.872000
ANT,54.0,0 days 00:01:30.005000,15.0,0 days 02:19:54.014000,0 days 00:00:17.724000,0 days 00:00:38.578000,0 days 00:00:33.703000
ANT,55.0,0 days 00:01:29.512000,15.0,0 days 02:21:23.526000,0 days 00:00:17.986000,0 days 00:00:38.470000,0 days 00:00:33.056000
ANT,56.0,0 days 00:01:29.734000,15.0,0 days 02:22:53.260000,0 days 00:00:17.766000,0 days 00:00:37.973000,0 days 00:00:33.995000
ANT,57.0,0 days 00:01:29.712000,15.0,0 days 02:24:22.972000,0 days 00:00:17.937000,0 days 00:00:37.978000,0 days 00:00:33.797000
ANT,58.0,0 days 00:01:29.630000,15.0,0 days 02:25:52.602000,0 days 00:00:17.848000,0 days 00:00:37.897000,0 days 00:00:33.885000
ALB,1.0,0 days 00:01:39.757000,15.0,0 days 01:00:00.491000,,0 days 00:00:39.827000,0 days 00:00:35.799000
ALB,2.0,0 days 00:01:31.710000,15.0,0 days 01:01:32.201000,0 days 00:00:18.563000,0 days 00:00:38.125000,0 days 00:00:35.022000
ALB,3.0,0 days 00:01:30.224000,15.0,0 days 01:03:02.425000,0 days 00:00:18.233000,0 days 00:00:37.994000,0 days 00:00:33.997000
ALB,4.0,0 days 00:01:30.874000,15.0,0 days 01:04:33.299000,0 days 00:00:18.118000,0 days 00:00:37.899000,0 days 00:00:34.857000
ALB,5.0,0 days 00:01:30.314000,15.0,0 days 01:06:03.613000,0 days 00:00:18.337000,0 days 00:00:38.112000,0 days 00:00:33.865000
ALB,6.0,0 days 00:01:30.223000,15.0,0 days 01:07:33.836000,0 days 00:00:18.158000,0 days 00:00:37.825000,0 days 00:00:34.240000
ALB,7.0,0 days 00:01:30.420000,15.0,0 days 01:09:04.256000,0 days 00:00:18.215000,0 days 00:00:38.160000,0 days 00:00:34.045000
ALB,8.0,0 days 00:01:31.974000,17.0,0 days 01:10:36.230000,0 days 00:00:18.247000,0 days 00:00:37.994000,0 days 00:00:35.733000
ALB,9.0,0 days 00:01:49.360000,20.0,0 days 01:12:25.590000,0 days 00:00:38.060000,0 days 00:00:37.887000,0 days 00:00:33.413000
ALB,10.0,0 days 00:01:29.374000,20.0,0 days 01:13:54.964000,0 days 00:00:18.040000,0 days 00:00:38.238000,0 days 00:00:33.096000
ALB,11.0,0 days 00:01:29.807000,20.0,0 days 01:15:24.771000,0 days 00:00:18.074000,0 days 00:00:38.413000,0 days 00:00:33.320000
ALB,12.0,0 days 00:01:29.460000,20.0,0 days 01:16:54.231000,0 days 00:00:17.936000,0 days 00:00:38.354000,0 days 00:00:33.170000
ALB,13.0,0 days 00:01:29.692000,20.0,0 days 01:18:23.923000,0 days 00:00:18.100000,0 days 00:00:38.346000,0 days 00:00:33.246000
ALB,14.0,0 days 00:01:29.793000,19.0,0 days 01:19:53.716000,0 days 00:00:17.980000,0 days 00:00:38.345000,0 days 00:00:33.468000
ALB,15.0,0 days 00:01:29.819000,17.0,0 days 01:21:23.535000,0 days 00:00:18.010000,0 days 00:00:38.515000,0 days 00:00:33.294000
ALB,16.0,0 days 00:01:29.907000,16.0,0 days 01:22:53.442000,0 days 00:00:17.982000,0 days 00:00:38.485000,0 days 00:00:33.440000
ALB,17.0,0 days 00:01:30.133000,16.0,0 days 01:24:23.575000,0 days 00:00:18.027000,0 days 00:00:38.509000,0 days 00:00:33.597000
ALB,18.0,0 days 00:01:29.987000,16.0,0 days 01:25:53.562000,0 days 00:00:18.099000,0 days 00:00:38.432000,0 days 00:00:33.456000
ALB,19.0,0 days 00:01:30.047000,15.0,0 days 01:27:23.609000,0 days 00:00:18.080000,0 days 00:00:38.359000,0 days 00:00:33.608000
ALB,20.0,0 days 00:01:30.109000,14.0,0 days 01:28:53.718000,0 days 00:00:18.164000,0 days 00:00:38.350000,0 days 00:00:33.595000
ALB,21.0,0 days 00:01:30.270000,14.0,0 days 01:30:23.988000,0 days 00:00:18.200000,0 days 00:00:38.430000,0 days 00:00:33.640000
ALB,22.0,0 days 00:01:30.298000,13.0,0 days 01:31:54.286000,0 days 00:00:18.156000,0 days 00:00:38.447000,0 days 00:00:33.695000
ALB,23.0,0 days 00:01:30.621000,13.0,0 days 01:33:24.907000,0 days 00:00:18.346000,0 days 00:00:38.516000,0 days 00:00:33.759000
ALB,24.0,0 days 00:01:30.388000,13.0,0 days 01:34:55.295000,0 days 00:00:18.218000,0 days 00:00:38.501000,0 days 00:00:33.669000
ALB,25.0,0 days 00:01:30.934000,14.0,0 days 01:36:26.229000,0 days 00:00:18.047000,0 days 00:00:38.942000,0 days 00:00:33.945000
ALB,26.0,0 days 00:01:30.294000,14.0,0 days 01:37:56.523000,0 days 00:00:18.175000,0 days 00:00:38.544000,0 days 00:00:33.575000
ALB,27.0,0 days 00:01:30.113000,14.0,0 days 01:39:26.636000,0 days 00:00:18.052000,0 days 00:00:38.451000,0 days 00:00:33.610000
ALB,28.0,0 days 00:01:31.014000,15.0,0 days 01:40:57.650000,0 days 00:00:18.056000,0 days 00:00:38.881000,0 days 00:00:34.077000
ALB,29.0,0 days 00:01:30.422000,15.0,0 days 01:42:28.072000,0 days 00:00:18.017000,0 days 00:00:38.669000,0 days 00:00:33.736000
ALB,30.0,0 days 00:01:30.215000,15.0,0 days 01:43:58.287000,0 days 00:00:18.065000,0 days 00:00:38.449000,0 days 00:00:33.701000
ALB,31.0,0 days 00:01:30.539000,15.0,0 days 01:45:28.826000,0 days 00:00:18.050000,0 days 00:00:38.606000,0 days 00:00:33.883000
ALB,32.0,0 days 00:01:30.485000,14.0,0 days 01:46:59.311000,0 days 00:00:18.041000,0 days 00:00:38.688000,0 days 00:00:33.756000
ALB,33.0,0 days 00:01:31.616000,13.0,0 days 01:48:30.927000,0 days 00:00:17.983000,0 days 00:00:38.644000,0 days 00:00:34.989000
ALB,34.0,0 days 00:01:48.877000,20.0,0 days 01:50:19.804000,0 days 00:00:37.621000,0 days 00:00:38.292000,0 days 00:00:32.964000
ALB,35.0,0 days 00:01:28.588000,20.0,0 days 01:51:48.392000,0 days 00:00:17.715000,0 days 00:00:37.954000,0 days 00:00:32.919000
ALB,36.0,0 days 00:01:28.439000,20.0,0 days 01:53:16.831000,0 days 00:00:17.722000,0 days 00:00:37.873000,0 days 00:00:32.844000
ALB,37.0,0 days 00:01:28.411000,20.0,0 days 01:54:45.242000,0 days 00:00:17.651000,0 days 00:00:37.941000,0 days 00:00:32.819000
ALB,38.0,0 days 00:01:28.569000,20.0,0 days 01:56:13.811000,0 days 00:00:17.746000,0 days 00:00:37.905000,0 days 00:00:32.918000
ALB,39.0,0 days 00:01:28.870000,20.0,0 days 01:57:42.681000,0 days 00:00:17.796000,0 days 00:00:37.902000,0 days 00:00:33.172000
ALB,40.0,0 days 00:01:29.722000,19.0,0 days 01:59:12.403000,0 days 00:00:18.175000,0 days 00:00:38.247000,0 days 00:00:33.300000
ALB,41.0,0 days 00:01:28.777000,18.0,0 days 02:00:41.180000,0 days 00:00:17.783000,0 days 00:00:38.126000,0 days 00:00:32.868000
ALB,42.0,0 days 00:01:28.845000,18.0,0 days 02:02:10.025000,0 days 00:00:17.656000,0 days 00:00:37.909000,0 days 00:00:33.280000
ALB,43.0,0 days 00:01:28.391000,15.0,0 days 02:03:38.416000,0 days 00:00:17.613000,0 days 00:00:38.119000,0 days 00:00:32.659000
ALB,44.0,0 days 00:01:28.507000,15.0,0 days 02:05:06.923000,0 days 00:00:17.658000,0 days 00:00:37.963000,0 days 00:00:32.886000
ALB,45.0,0 days 00:01:28.367000,15.0,0 days 02:06:35.290000,0 days 00:00:17.670000,0 days 00:00:37.880000,0 days 00:00:32.817000
ALB,46.0,0 days 00:01:28.517000,15.0,0 days 02:08:03.807000,0 days 00:00:17.740000,0 days 00:00:37.988000,0 days 00:00:32.789000
ALB,47.0,0 days 00:01:29.563000,16.0,0 days 02:09:33.370000,0 days 00:00:17.696000,0 days 00:00:38.349000,0 days 00:00:33.518000
ALB,48.0,0 days 00:01:28.947000,16.0,0 days 02:11:02.317000,0 days 00:00:17.804000,0 days 00:00:38.338000,0 days 00:00:32.805000
ALB,49.0,0 days 00:01:29.290000,16.0,0 days 02:12:31.607000,0 days 00:00:17.686000,0 days 00:00:38.450000,0 days 00:00:33.154000
ALB,50.0,0 days 00:01:29.526000,17.0,0 days 02:14:01.133000,0 days 00:00:17.779000,0 days 00:00:38.328000,0 days 00:00:33.419000
ALB,51.0,0 days 00:01:29.420000,17.0,0 days 02:15:30.553000,0 days 00:00:17.785000,0 days 00:00:38.194000,0 days 00:00:33.441000
ALB,52.0,0 days 00:01:29.393000,17.0,0 days 02:16:59.946000,0 days 00:00:17.797000,0 days 00:00:38.017000,0 days 00:00:33.579000
ALB,53.0,0 days 00:01:28.627000,16.0,0 days 02:18:28.573000,0 days 00:00:17.758000,0 days 00:00:38.061000,0 days 00:00:32.808000
ALB,54.0,0 days 00:01:28.752000,16.0,0 days 02:19:57.325000,0 days 00:00:17.581000,0 days 00:00:38.382000,0 days 00:00:32.789000
ALB,55.0,0 days 00:01:28.785000,16.0,0 days 02:21:26.110000,0 days 00:00:17.596000,0 days 00:00:38.290000,0 days 00:00:32.899000
ALB,56.0,0 days 00:01:29.061000,16.0,0 days 02:22:55.171000,0 days 00:00:17.671000,0 days 00:00:38.495000,0 days 00:00:32.895000
ALB,57.0,0 days 00:01:29.103000,16.0,0 days 02:24:24.274000,0 days 00:00:17.770000,0 days 00:00:38.165000,0 days 00:00:33.168000
ALB,58.0,0 days 00:01:29.256000,16.0,0 days 02:25:53.530000,0 days 00:00:17.751000,0 days 00:00:38.227000,0 days 00:00:33.278000
HAD,1.0,0 days 00:01:36.661000,8.0,0 days 00:59:57.395000,,0 days 00:00:39.231000,0 days 00:00:34.447000
HAD,2.0,0 days 00:01:30.440000,8.0,0 days 01:01:27.835000,0 days 00:00:18.161000,0 days 00:00:38.034000,0 days 00:00:34.245000
HAD,3.0,0 days 00:01:30.211000,8.0,0 days 01:02:58.046000,0 days 00:00:18.233000,0 days 00:00:38.155000,0 days 00:00:33.823000
HAD,4.0,0 days 00:01:30.237000,8.0,0 days 01:04:28.283000,0 days 00:00:18.253000,0 days 00:00:38.216000,0 days 00:00:33.768000
HAD,5.0,0 days 00:01:30.261000,8.0,0 days 01:05:58.544000,0 days 00:00:18.304000,0 days 00:00:38.132000,0 days 00:00:33.825000
HAD,6.0,0 days 00:01:30.555000,8.0,0 days 01:07:29.099000,0 days 00:00:18.336000,0 days 00:00:38.161000,0 days 00:00:34.058000
HAD,7.0,0 days 00:01:30.289000,8.0,0 days 01:08:59.388000,0 days 00:00:18.075000,0 days 00:00:38.190000,0 days 00:00:34.024000
HAD,8.0,0 days 00:01:30.416000,8.0,0 days 01:10:29.804000,0 days 00:00:18.144000,0 days 00:00:38.302000,0 days 00:00:33.970000
HAD,9.0,0 days 00:01:30.078000,8.0,0 days 01:11:59.882000,0 days 00:00:18.099000,0 days 00:00:38.215000,0 days 00:00:33.764000
HAD,10.0,0 days 00:01:30.346000,8.0,0 days 01:13:30.228000,0 days 00:00:18.159000,0 days 00:00:38.373000,0 days 00:00:33.814000
HAD,11.0,0 days 00:01:30.940000,8.0,0 days 01:15:01.168000,0 days 00:00:18.158000,0 days 00:00:39.140000,0 days 00:00:33.642000
HAD,12.0,0 days 00:01:30.633000,8.0,0 days 01:16:31.801000,0 days 00:00:18.078000,0 days 00:00:39.151000,0 days 00:00:33.404000
HAD,13.0,0 days 00:01:31.064000,8.0,0 days 01:18:02.865000,0 days 00:00:18.302000,0 days 00:00:39.185000,0 days 00:00:33.577000
HAD,14.0,0 days 00:01:32.759000,9.0,0 days 01:19:35.624000,0 days 00:00:18.281000,0 days 00:00:39.255000,0 days 00:00:35.223000
HAD,15.0,0 days 00:01:50.245000,18.0,0 days 01:21:25.869000,0 days 00:00:38.398000,0 days 00:00:38.825000,0 days 00:00:33.022000
HAD,16.0,0 days 00:01:29.839000,17.0,0 days 01:22:55.708000,0 days 00:00:17.896000,0 days 00:00:38.760000,0 days 00:00:33.183000
HAD,17.0,0 days 00:01:30.142000,17.0,0 days 01:24:25.850000,0 days 00:00:18.218000,0 days 00:00:38.904000,0 days 00:00:33.020000
HAD,18.0,0 days 00:01:29.869000,17.0,0 days 01:25:55.719000,0 days 00:00:18.107000,0 days 00:00:38.685000,0 days 00:00:33.077000
HAD,19.0,0 days 00:01:30.478000,16.0,0 days 01:27:26.197000,0 days 00:00:18.201000,0 days 00:00:38.845000,0 days 00:00:33.432000
HAD,20.0,0 days 00:01:30.028000,15.0,0 days 01:28:56.225000,0 days 00:00:18.058000,0 days 00:00:38.758000,0 days 00:00:33.212000
HAD,21.0,0 days 00:01:30.305000,15.0,0 days 01:30:26.530000,0 days 00:00:18.222000,0 days 00:00:38.983000,0 days 00:00:33.100000
HAD,22.0,0 days 00:01:29.788000,14.0,0 days 01:31:56.318000,0 days 00:00:18.077000,0 days 00:00:38.602000,0 days 00:00:33.109000
HAD,23.0,0 days 00:01:30.078000,14.0,0 days 01:33:26.396000,0 days 00:00:17.886000,0 days 00:00:38.905000,0 days 00:00:33.287000
HAD,24.0,0 days 00:01:30.621000,15.0,0 days 01:34:57.017000,0 days 00:00:17.992000,0 days 00:00:38.548000,0 days 00:00:34.081000
HAD,25.0,0 days 00:01:32.178000,16.0,0 days 01:36:29.195000,0 days 00:00:18.416000,0 days 00:00:40.326000,0 days 00:00:33.436000
HAD,26.0,0 days 00:01:29.989000,16.0,0 days 01:37:59.184000,0 days 00:00:18.018000,0 days 00:00:38.824000,0 days 00:00:33.147000
HAD,27.0,0 days 00:01:30,16.0,0 days 01:39:29.184000,0 days 00:00:18.022000,0 days 00:00:38.783000,0 days 00:00:33.195000
HAD,28.0,0 days 00:01:29.879000,16.0,0 days 01:40:59.063000,0 days 00:00:17.918000,0 days 00:00:38.668000,0 days 00:00:33.293000
HAD,29.0,0 days 00:01:30.356000,16.0,0 days 01:42:29.419000,0 days 00:00:17.917000,0 days 00:00:38.972000,0 days 00:00:33.467000
HAD,30.0,0 days 00:01:30.232000,16.0,0 days 01:43:59.651000,0 days 00:00:17.997000,0 days 00:00:38.733000,0 days 00:00:33.502000
HAD,31.0,0 days 00:01:30.425000,16.0,0 days 01:45:30.076000,0 days 00:00:18.098000,0 days 00:00:38.970000,0 days 00:00:33.357000
HAD,32.0,0 days 00:01:31.414000,16.0,0 days 01:47:01.490000,0 days 00:00:18.013000,0 days 00:00:38.880000,0 days 00:00:34.521000
HAD,33.0,0 days 00:01:30.562000,14.0,0 days 01:48:32.052000,0 days 00:00:18.071000,0 days 00:00:38.925000,0 days 00:00:33.566000
HAD,34.0,0 days 00:01:30.485000,13.0,0 days 01:50:02.537000,0 days 00:00:17.956000,0 days 00:00:38.976000,0 days 00:00:33.553000
HAD,35.0,0 days 00:01:30.197000,13.0,0 days 01:51:32.734000,0 days 00:00:18.006000,0 days 00:00:39.009000,0 days 00:00:33.182000
HAD,36.0,0 days 00:01:29.623000,13.0,0 days 01:53:02.357000,0 days 00:00:17.914000,0 days 00:00:38.729000,0 days 00:00:32.980000
HAD,37.0,0 days 00:01:29.448000,13.0,0 days 01:54:31.805000,0 days 00:00:17.821000,0 days 00:00:38.794000,0 days 00:00:32.833000
HAD,38.0,0 days 00:01:30.562000,14.0,0 days 01:56:02.367000,0 days 00:00:17.871000,0 days 00:00:38.934000,0 days 00:00:33.757000
HAD,39.0,0 days 00:01:30.066000,14.0,0 days 01:57:32.433000,0 days 00:00:18.115000,0 days 00:00:38.759000,0 days 00:00:33.192000
HAD,40.0,0 days 00:01:29.879000,14.0,0 days 01:59:02.312000,0 days 00:00:17.923000,0 days 00:00:38.838000,0 days 00:00:33.118000
HAD,41.0,0 days 00:01:29.381000,14.0,0 days 02:00:31.693000,0 days 00:00:17.736000,0 days 00:00:38.777000,0 days 00:00:32.868000
HAD,42.0,0 days 00:01:29.515000,14.0,0 days 02:02:01.208000,0 days 00:00:17.884000,0 days 00:00:38.648000,0 days 00:00:32.983000
HAD,43.0,0 days 00:01:29.625000,12.0,0 days 02:03:30.833000,0 days 00:00:17.880000,0 days 00:00:38.804000,0 days 00:00:32.941000
HAD,44.0,0 days 00:01:30.447000,13.0,0 days 02:05:01.280000,0 days 00:00:17.854000,0 days 00:00:38.696000,0 days 00:00:33.897000
HAD,45.0,0 days 00:01:29.833000,13.0,0 days 02:06:31.113000,0 days 00:00:17.949000,0 days 00:00:38.821000,0 days 00:00:33.063000
HAD,46.0,0 days 00:01:29.415000,13.0,0 days 02:08:00.528000,0 days 00:00:17.824000,0 days 00:00:38.685000,0 days 00:00:32.906000
HAD,47.0,0 days 00:01:29.891000,14.0,0 days 02:09:30.419000,0 days 00:00:17.742000,0 days 00:00:38.550000,0 days 00:00:33.599000
HAD,48.0,0 days 00:01:29.570000,14.0,0 days 02:10:59.989000,0 days 00:00:17.901000,0 days 00:00:38.669000,0 days 00:00:33
HAD,49.0,0 days 00:01:30.059000,15.0,0 days 02:12:30.048000,0 days 00:00:17.806000,0 days 00:00:38.714000,0 days 00:00:33.539000
HAD,50.0,0 days 00:01:29.522000,15.0,0 days 02:13:59.570000,0 days 00:00:17.853000,0 days 00:00:38.797000,0 days 00:00:32.872000
HAD,51.0,0 days 00:01:30.082000,16.0,0 days 02:15:29.652000,0 days 00:00:17.814000,0 days 00:00:38.650000,0 days 00:00:33.618000
HAD,52.0,0 days 00:01:29.375000,16.0,0 days 02:16:59.027000,0 days 00:00:17.891000,0 days 00:00:38.615000,0 days 00:00:32.869000
HAD,53.0,0 days 00:01:30.475000,17.0,0 days 02:18:29.502000,0 days 00:00:17.787000,0 days 00:00:38.978000,0 days 00:00:33.710000
HAD,54.0,0 days 00:01:29.999000,17.0,0 days 02:19:59.501000,0 days 00:00:17.933000,0 days 00:00:38.837000,0 days 00:00:33.229000
HAD,55.0,0 days 00:01:29.599000,17.0,0 days 02:21:29.100000,0 days 00:00:17.890000,0 days 00:00:38.739000,0 days 00:00:32.970000
HAD,56.0,0 days 00:01:29.451000,17.0,0 days 02:22:58.551000,0 days 00:00:17.773000,0 days 00:00:38.631000,0 days 00:00:33.047000
HAD,57.0,0 days 00:01:30.979000,17.0,0 days 02:24:29.530000,0 days 00:00:19.631000,0 days 00:00:38.109000,0 days 00:00:33.239000
LAW,1.0,0 days 00:01:38.029000,11.0,0 days 00:59:58.763000,,0 days 00:00:39.405000,0 days 00:00:35.128000
LAW,2.0,0 days 00:01:30.799000,11.0,0 days 01:01:29.562000,0 days 00:00:18.586000,0 days 00:00:38.073000,0 days 00:00:34.140000
LAW,3.0,0 days 00:01:30.466000,11.0,0 days 01:03:00.028000,0 days 00:00:18.498000,0 days 00:00:38.210000,0 days 00:00:33.758000
LAW,4.0,0 days 00:01:30.661000,11.0,0 days 01:04:30.689000,0 days 00:00:18.362000,0 days 00:00:38.956000,0 days 00:00:33.343000
LAW,5.0,0 days 00:01:30.219000,11.0,0 days 01:06:00.908000,0 days 00:00:18.220000,0 days 00:00:38.249000,0 days 00:00:33.750000
LAW,6.0,0 days 00:01:30.325000,11.0,0 days 01:07:31.233000,0 days 00:00:18.236000,0 days 00:00:38.332000,0 days 00:00:33.757000
LAW,7.0,0 days 00:01:30.537000,11.0,0 days 01:09:01.770000,0 days 00:00:18.204000,0 days 00:00:38.350000,0 days 00:00:33.983000
LAW,8.0,0 days 00:01:30.340000,11.0,0 days 01:10:32.110000,0 days 00:00:18.170000,0 days 00:00:38.394000,0 days 00:00:33.776000
LAW,9.0,0 days 00:01:30.353000,11.0,0 days 01:12:02.463000,0 days 00:00:18.151000,0 days 00:00:38.312000,0 days 00:00:33.890000
LAW,10.0,0 days 00:01:30.550000,11.0,0 days 01:13:33.013000,0 days 00:00:18.112000,0 days 00:00:38.372000,0 days 00:00:34.066000
LAW,11.0,0 days 00:01:30.669000,11.0,0 days 01:15:03.682000,0 days 00:00:18.140000,0 days 00:00:38.359000,0 days 00:00:34.170000
LAW,12.0,0 days 00:01:30.910000,11.0,0 days 01:16:34.592000,0 days 00:00:18.125000,0 days 00:00:38.579000,0 days 00:00:34.206000
LAW,13.0,0 days 00:01:31.045000,11.0,0 days 01:18:05.637000,0 days 00:00:18.117000,0 days 00:00:38.813000,0 days 00:00:34.115000
LAW,14.0,0 days 00:01:31.323000,11.0,0 days 01:19:36.960000,0 days 00:00:18.250000,0 days 00:00:39.188000,0 days 00:00:33.885000
LAW,15.0,0 days 00:01:31.049000,9.0,0 days 01:21:08.009000,0 days 00:00:18.180000,0 days 00:00:39.178000,0 days 00:00:33.691000
LAW,16.0,0 days 00:01:31.366000,8.0,0 days 01:22:39.375000,0 days 00:00:18.202000,0 days 00:00:39.349000,0 days 00:00:33.815000
LAW,17.0,0 days 00:01:31.343000,5.0,0 days 01:24:10.718000,0 days 00:00:18.226000,0 days 00:00:39.442000,0 days 00:00:33.675000
LAW,18.0,0 days 00:01:31.426000,5.0,0 days 01:25:42.144000,0 days 00:00:18.150000,0 days 00:00:39.399000,0 days 00:00:33.877000
LAW,19.0,0 days 00:01:31.815000,6.0,0 days 01:27:13.959000,0 days 00:00:18.251000,0 days 00:00:39.251000,0 days 00:00:34.313000
LAW,20.0,0 days 00:01:31.884000,6.0,0 days 01:28:45.843000,0 days 00:00:18.069000,0 days 00:00:39.431000,0 days 00:00:34.384000
LAW,21.0,0 days 00:01:35.813000,12.0,0 days 01:30:21.656000,0 days 00:00:18.191000,0 days 00:00:39.209000,0 days 00:00:38.413000
LAW,22.0,0 days 00:01:57.758000,20.0,0 days 01:32:19.414000,0 days 00:00:45.694000,0 days 00:00:39.125000,0 days 00:00:32.939000
LAW,23.0,0 days 00:01:29.826000,20.0,0 days 01:33:49.240000,0 days 00:00:18.252000,0 days 00:00:38.742000,0 days 00:00:32.832000
LAW,24.0,0 days 00:01:29.260000,20.0,0 days 01:35:18.500000,0 days 00:00:17.881000,0 days 00:00:38.585000,0 days 00:00:32.794000
LAW,25.0,0 days 00:01:29.498000,20.0,0 days 01:36:47.998000,0 days 00:00:17.954000,0 days 00:00:38.794000,0 days 00:00:32.750000
LAW,26.0,0 days 00:01:29.337000,20.0,0 days 01:38:17.335000,0 days 00:00:17.921000,0 days 00:00:38.719000,0 days 00:00:32.697000
LAW,27.0,0 days 00:01:29.501000,20.0,0 days 01:39:46.836000,0 days 00:00:17.901000,0 days 00:00:38.759000,0 days 00:00:32.841000
LAW,28.0,0 days 00:01:29.554000,20.0,0 days 01:41:16.390000,0 days 00:00:17.896000,0 days 00:00:38.739000,0 days 00:00:32.919000
LAW,29.0,0 days 00:01:29.665000,20.0,0 days 01:42:46.055000,0 days 00:00:17.917000,0 days 00:00:38.794000,0 days 00:00:32.954000
LAW,30.0,0 days 00:01:29.600000,20.0,0 days 01:44:15.655000,0 days 00:00:17.894000,0 days 00:00:38.795000,0 days 00:00:32.911000
LAW,31.0,0 days 00:01:29.416000,20.0,0 days 01:45:45.071000,0 days 00:00:17.869000,0 days 00:00:38.799000,0 days 00:00:32.748000
LAW,32.0,0 days 00:01:29.158000,20.0,0 days 01:47:14.229000,0 days 00:00:17.720000,0 days 00:00:38.678000,0 days 00:00:32.760000
LAW,33.0,0 days 00:01:29.444000,19.0,0 days 01:48:43.673000,0 days 00:00:17.821000,0 days 00:00:38.658000,0 days 00:00:32.965000
LAW,34.0,0 days 00:01:29.499000,18.0,0 days 01:50:13.172000,0 days 00:00:17.910000,0 days 00:00:38.651000,0 days 00:00:32.938000
LAW,35.0,0 days 00:01:29.260000,18.0,0 days 01:51:42.432000,0 days 00:00:17.815000,0 days 00:00:38.667000,0 days 00:00:32.778000
LAW,36.0,0 days 00:01:29.353000,18.0,0 days 01:53:11.785000,0 days 00:00:17.784000,0 days 00:00:38.655000,0 days 00:00:32.914000
LAW,37.0,0 days 00:01:29.616000,18.0,0 days 01:54:41.401000,0 days 00:00:17.763000,0 days 00:00:38.865000,0 days 00:00:32.988000
LAW,38.0,0 days 00:01:29.496000,18.0,0 days 01:56:10.897000,0 days 00:00:17.770000,0 days 00:00:38.672000,0 days 00:00:33.054000
LAW,39.0,0 days 00:01:28.886000,17.0,0 days 01:57:39.783000,0 days 00:00:17.739000,0 days 00:00:38.231000,0 days 00:00:32.916000
LAW,40.0,0 days 00:01:29.814000,17.0,0 days 01:59:09.597000,0 days 00:00:17.850000,0 days 00:00:38.945000,0 days 00:00:33.019000
LAW,41.0,0 days 00:01:30.032000,17.0,0 days 02:00:39.629000,0 days 00:00:17.739000,0 days 00:00:38.831000,0 days 00:00:33.462000
LAW,42.0,0 days 00:01:29.609000,17.0,0 days 02:02:09.238000,0 days 00:00:17.899000,0 days 00:00:38.856000,0 days 00:00:32.854000
LAW,43.0,0 days 00:01:30.371000,16.0,0 days 02:03:39.609000,0 days 00:00:17.791000,0 days 00:00:38.858000,0 days 00:00:33.722000
LAW,44.0,0 days 00:01:30.123000,17.0,0 days 02:05:09.732000,0 days 00:00:17.859000,0 days 00:00:38.836000,0 days 00:00:33.428000
LAW,45.0,0 days 00:01:29.762000,17.0,0 days 02:06:39.494000,0 days 00:00:17.874000,0 days 00:00:38.786000,0 days 00:00:33.102000
LAW,46.0,0 days 00:01:29.987000,18.0,0 days 02:08:09.481000,0 days 00:00:17.804000,0 days 00:00:38.762000,0 days 00:00:33.421000
LAW,47.0,0 days 00:01:28.990000,18.0,0 days 02:09:38.471000,0 days 00:00:17.773000,0 days 00:00:38.509000,0 days 00:00:32.708000
LAW,48.0,0 days 00:01:29.319000,18.0,0 days 02:11:07.790000,0 days 00:00:17.772000,0 days 00:00:38.745000,0 days 00:00:32.802000
LAW,49.0,0 days 00:01:29.009000,18.0,0 days 02:12:36.799000,0 days 00:00:17.674000,0 days 00:00:38.640000,0 days 00:00:32.695000
LAW,50.0,0 days 00:01:28.990000,18.0,0 days 02:14:05.789000,0 days 00:00:17.647000,0 days 00:00:38.610000,0 days 00:00:32.733000
LAW,51.0,0 days 00:01:29.008000,18.0,0 days 02:15:34.797000,0 days 00:00:17.723000,0 days 00:00:38.496000,0 days 00:00:32.789000
LAW,52.0,0 days 00:01:29.121000,18.0,0 days 02:17:03.918000,0 days 00:00:17.740000,0 days 00:00:38.695000,0 days 00:00:32.686000
LAW,53.0,0 days 00:01:32.152000,18.0,0 days 02:18:36.070000,0 days 00:00:17.802000,0 days 00:00:40.943000,0 days 00:00:33.407000
LAW,54.0,0 days 00:01:29.375000,18.0,0 days 02:20:05.445000,0 days 00:00:17.817000,0 days 00:00:38.723000,0 days 00:00:32.835000
LAW,55.0,0 days 00:01:29.206000,18.0,0 days 02:21:34.651000,0 days 00:00:17.837000,0 days 00:00:38.580000,0 days 00:00:32.789000
LAW,56.0,0 days 00:01:29.189000,18.0,0 days 02:23:03.840000,0 days 00:00:17.777000,0 days 00:00:38.668000,0 days 00:00:32.744000
LAW,57.0,0 days 00:01:29.022000,18.0,0 days 02:24:32.862000,0 days 00:00:17.753000,0 days 00:00:38.644000,0 days 00:00:32.625000
GAS,1.0,0 days 00:01:41.281000,19.0,0 days 01:00:02.015000,,0 days 00:00:39.729000,0 days 00:00:36.496000
GAS,2.0,0 days 00:01:32.010000,19.0,0 days 01:01:34.025000,0 days 00:00:19.016000,0 days 00:00:38.149000,0 days 00:00:34.845000
GAS,3.0,0 days 00:01:30.864000,19.0,0 days 01:03:04.889000,0 days 00:00:18.851000,0 days 00:00:38.265000,0 days 00:00:33.748000
GAS,4.0,0 days 00:01:30.669000,19.0,0 days 01:04:35.558000,0 days 00:00:18.441000,0 days 00:00:38.458000,0 days 00:00:33.770000
GAS,5.0,0 days 00:01:30.908000,19.0,0 days 01:06:06.466000,0 days 00:00:18.458000,0 days 00:00:38.448000,0 days 00:00:34.002000
GAS,6.0,0 days 00:01:30.891000,19.0,0 days 01:07:37.357000,0 days 00:00:18.501000,0 days 00:00:38.804000,0 days 00:00:33.586000
GAS,7.0,0 days 00:01:30.537000,19.0,0 days 01:09:07.894000,0 days 00:00:18.345000,0 days 00:00:38.721000,0 days 00:00:33.471000
GAS,8.0,0 days 00:01:30.612000,18.0,0 days 01:10:38.506000,0 days 00:00:18.312000,0 days 00:00:38.818000,0 days 00:00:33.482000
GAS,9.0,0 days 00:01:30.400000,16.0,0 days 01:12:08.906000,0 days 00:00:18.189000,0 days 00:00:38.750000,0 days 00:00:33.461000
GAS,10.0,0 days 00:01:30.586000,16.0,0 days 01:13:39.492000,0 days 00:00:18.287000,0 days 00:00:38.737000,0 days 00:00:33.562000
GAS,11.0,0 days 00:01:31.135000,16.0,0 days 01:15:10.627000,0 days 00:00:18.478000,0 days 00:00:38.961000,0 days 00:00:33.696000
GAS,12.0,0 days 00:01:31.790000,16.0,0 days 01:16:42.417000,0 days 00:00:18.379000,0 days 00:00:39.076000,0 days 00:00:34.335000
GAS,13.0,0 days 00:01:33.540000,17.0,0 days 01:18:15.957000,0 days 00:00:18.540000,0 days 00:00:39.177000,0 days 00:00:35.823000
GAS,14.0,0 days 00:01:51.542000,20.0,0 days 01:20:07.499000,0 days 00:00:39.534000,0 days 00:00:38.852000,0 days 00:00:33.156000
GAS,15.0,0 days 00:01:29.817000,20.0,0 days 01:21:37.316000,0 days 00:00:18.141000,0 days 00:00:38.668000,0 days 00:00:33.008000
GAS,16.0,0 days 00:01:29.571000,19.0,0 days 01:23:06.887000,0 days 00:00:18.082000,0 days 00:00:38.649000,0 days 00:00:32.840000
GAS,17.0,0 days 00:01:29.493000,19.0,0 days 01:24:36.380000,0 days 00:00:18.037000,0 days 00:00:38.556000,0 days 00:00:32.900000
GAS,18.0,0 days 00:01:29.487000,19.0,0 days 01:26:05.867000,0 days 00:00:18.142000,0 days 00:00:38.512000,0 days 00:00:32.833000
GAS,19.0,0 days 00:01:30.602000,19.0,0 days 01:27:36.469000,0 days 00:00:18.056000,0 days 00:00:38.790000,0 days 00:00:33.756000
GAS,20.0,0 days 00:01:29.911000,19.0,0 days 01:29:06.380000,0 days 00:00:18.191000,0 days 00:00:38.719000,0 days 00:00:33.001000
GAS,21.0,0 days 00:01:29.442000,19.0,0 days 01:30:35.822000,0 days 00:00:18.096000,0 days 00:00:38.477000,0 days 00:00:32.869000
GAS,22.0,0 days 00:01:29.690000,18.0,0 days 01:32:05.512000,0 days 00:00:17.961000,0 days 00:00:38.624000,0 days 00:00:33.105000
GAS,23.0,0 days 00:01:29.729000,18.0,0 days 01:33:35.241000,0 days 00:00:18.036000,0 days 00:00:38.536000,0 days 00:00:33.157000
GAS,24.0,0 days 00:01:29.747000,18.0,0 days 01:35:04.988000,0 days 00:00:18.070000,0 days 00:00:38.679000,0 days 00:00:32.998000
GAS,25.0,0 days 00:01:29.715000,18.0,0 days 01:36:34.703000,0 days 00:00:18.047000,0 days 00:00:38.709000,0 days 00:00:32.959000
GAS,26.0,0 days 00:01:29.855000,18.0,0 days 01:38:04.558000,0 days 00:00:18.089000,0 days 00:00:38.782000,0 days 00:00:32.984000
GAS,27.0,0 days 00:01:29.972000,18.0,0 days 01:39:34.530000,0 days 00:00:18.076000,0 days 00:00:38.787000,0 days 00:00:33.109000
GAS,28.0,0 days 00:01:29.971000,18.0,0 days 01:41:04.501000,0 days 00:00:18.056000,0 days 00:00:38.721000,0 days 00:00:33.194000
GAS,29.0,0 days 00:01:29.980000,18.0,0 days 01:42:34.481000,0 days 00:00:18.023000,0 days 00:00:38.791000,0 days 00:00:33.166000
GAS,30.0,0 days 00:01:29.955000,18.0,0 days 01:44:04.436000,0 days 00:00:18.131000,0 days 00:00:38.677000,0 days 00:00:33.147000
GAS,31.0,0 days 00:01:30.137000,18.0,0 days 01:45:34.573000,0 days 00:00:18.184000,0 days 00:00:38.690000,0 days 00:00:33.263000
GAS,32.0,0 days 00:01:30.018000,17.0,0 days 01:47:04.591000,0 days 00:00:18.182000,0 days 00:00:38.670000,0 days 00:00:33.166000
GAS,33.0,0 days 00:01:30.339000,15.0,0 days 01:48:34.930000,0 days 00:00:18.289000,0 days 00:00:38.831000,0 days 00:00:33.219000
GAS,34.0,0 days 00:01:30.137000,14.0,0 days 01:50:05.067000,0 days 00:00:18.217000,0 days 00:00:38.703000,0 days 00:00:33.217000
GAS,35.0,0 days 00:01:30.115000,14.0,0 days 01:51:35.182000,0 days 00:00:18.049000,0 days 00:00:38.836000,0 days 00:00:33.230000
GAS,36.0,0 days 00:01:30.592000,15.0,0 days 01:53:05.774000,0 days 00:00:17.962000,0 days 00:00:39.009000,0 days 00:00:33.621000
GAS,37.0,0 days 00:01:29.908000,15.0,0 days 01:54:35.682000,0 days 00:00:17.984000,0 days 00:00:38.698000,0 days 00:00:33.226000
GAS,38.0,0 days 00:01:30.193000,15.0,0 days 01:56:05.875000,0 days 00:00:18.085000,0 days 00:00:38.816000,0 days 00:00:33.292000
GAS,39.0,0 days 00:01:30.957000,16.0,0 days 01:57:36.832000,0 days 00:00:18.012000,0 days 00:00:38.973000,0 days 00:00:33.972000
GAS,40.0,0 days 00:01:31.907000,16.0,0 days 01:59:08.739000,0 days 00:00:18.088000,0 days 00:00:38.701000,0 days 00:00:35.118000
GAS,41.0,0 days 00:01:50.346000,19.0,0 days 02:00:59.085000,0 days 00:00:38.635000,0 days 00:00:38.690000,0 days 00:00:33.021000
GAS,42.0,0 days 00:01:28.765000,19.0,0 days 02:02:27.850000,0 days 00:00:17.891000,0 days 00:00:38.459000,0 days 00:00:32.415000
GAS,43.0,0 days 00:01:28.051000,19.0,0 days 02:03:55.901000,0 days 00:00:17.693000,0 days 00:00:38.186000,0 days 00:00:32.172000
GAS,44.0,0 days 00:01:28.166000,19.0,0 days 02:05:24.067000,0 days 00:00:17.749000,0 days 00:00:38.189000,0 days 00:00:32.228000
GAS,45.0,0 days 00:01:28.047000,19.0,0 days 02:06:52.114000,0 days 00:00:17.755000,0 days 00:00:38.163000,0 days 00:00:32.129000
GAS,46.0,0 days 00:01:27.767000,19.0,0 days 02:08:19.881000,0 days 00:00:17.666000,0 days 00:00:37.997000,0 days 00:00:32.104000
GAS,47.0,0 days 00:01:28.143000,19.0,0 days 02:09:48.024000,0 days 00:00:17.683000,0 days 00:00:38.247000,0 days 00:00:32.213000
GAS,48.0,0 days 00:01:28.048000,19.0,0 days 02:11:16.072000,0 days 00:00:17.704000,0 days 00:00:38.220000,0 days 00:00:32.124000
GAS,49.0,0 days 00:01:28.400000,19.0,0 days 02:12:44.472000,0 days 00:00:17.863000,0 days 00:00:38.201000,0 days 00:00:32.336000
GAS,50.0,0 days 00:01:27.992000,19.0,0 days 02:14:12.464000,0 days 00:00:17.701000,0 days 00:00:38.203000,0 days 00:00:32.088000
GAS,51.0,0 days 00:01:28.364000,19.0,0 days 02:15:40.828000,0 days 00:00:17.731000,0 days 00:00:38.207000,0 days 00:00:32.426000
GAS,52.0,0 days 00:01:28.428000,19.0,0 days 02:17:09.256000,0 days 00:00:17.700000,0 days 00:00:38.397000,0 days 00:00:32.331000
GAS,53.0,0 days 00:01:28.720000,19.0,0 days 02:18:37.976000,0 days 00:00:17.778000,0 days 00:00:38.487000,0 days 00:00:32.455000
GAS,54.0,0 days 00:01:29.511000,19.0,0 days 02:20:07.487000,0 days 00:00:17.801000,0 days 00:00:38.692000,0 days 00:00:33.018000
GAS,55.0,0 days 00:01:29.233000,19.0,0 days 02:21:36.720000,0 days 00:00:17.887000,0 days 00:00:38.634000,0 days 00:00:32.712000
GAS,56.0,0 days 00:01:29.483000,19.0,0 days 02:23:06.203000,0 days 00:00:17.945000,0 days 00:00:38.585000,0 days 00:00:32.953000
GAS,57.0,0 days 00:01:28.908000,19.0,0 days 02:24:35.111000,0 days 00:00:17.795000,0 days 00:00:38.321000,0 days 00:00:32.792000
COL,1.0,0 days 00:01:41.677000,20.0,0 days 01:00:02.411000,,0 days 00:00:39.913000,0 days 00:00:36.612000
COL,2.0,0 days 00:01:32.070000,20.0,0 days 01:01:34.481000,0 days 00:00:18.838000,0 days 00:00:38.213000,0 days 00:00:35.019000
COL,3.0,0 days 00:01:31.303000,20.0,0 days 01:03:05.784000,0 days 00:00:18.772000,0 days 00:00:38.341000,0 days 00:00:34.190000
COL,4.0,0 days 00:01:30.845000,20.0,0 days 01:04:36.629000,0 days 00:00:18.611000,0 days 00:00:38.681000,0 days 00:00:33.553000
COL,5.0,0 days 00:01:30.990000,20.0,0 days 01:06:07.619000,0 days 00:00:18.479000,0 days 00:00:38.919000,0 days 00:00:33.592000
COL,6.0,0 days 00:01:31.224000,20.0,0 days 01:07:38.843000,0 days 00:00:18.606000,0 days 00:00:38.941000,0 days 00:00:33.677000
COL,7.0,0 days 00:01:30.610000,20.0,0 days 01:09:09.453000,0 days 00:00:18.437000,0 days 00:00:38.666000,0 days 00:00:33.507000
COL,8.0,0 days 00:01:30.701000,19.0,0 days 01:10:40.154000,0 days 00:00:18.491000,0 days 00:00:38.805000,0 days 00:00:33.405000
COL,9.0,0 days 00:01:30.551000,17.0,0 days 01:12:10.705000,0 days 00:00:18.346000,0 days 00:00:38.811000,0 days 00:00:33.394000
COL,10.0,0 days 00:01:30.837000,17.0,0 days 01:13:41.542000,0 days 00:00:18.377000,0 days 00:00:38.878000,0 days 00:00:33.582000
COL,11.0,0 days 00:01:30.884000,17.0,0 days 01:15:12.426000,0 days 00:00:18.397000,0 days 00:00:38.801000,0 days 00:00:33.686000
COL,12.0,0 days 00:01:31.463000,17.0,0 days 01:16:43.889000,0 days 00:00:18.362000,0 days 00:00:39.219000,0 days 00:00:33.882000
COL,13.0,0 days 00:01:31.563000,16.0,0 days 01:18:15.452000,0 days 00:00:18.450000,0 days 00:00:39.083000,0 days 00:00:34.030000
COL,14.0,0 days 00:01:31.199000,16.0,0 days 01:19:46.651000,0 days 00:00:18.289000,0 days 00:00:39.253000,0 days 00:00:33.657000
COL,15.0,0 days 00:01:32.799000,15.0,0 days 01:21:19.450000,0 days 00:00:18.311000,0 days 00:00:39.089000,0 days 00:00:35.399000
COL,16.0,0 days 00:01:51.394000,20.0,0 days 01:23:10.844000,0 days 00:00:38.753000,0 days 00:00:39.136000,0 days 00:00:33.505000
COL,17.0,0 days 00:01:29.847000,20.0,0 days 01:24:40.691000,0 days 00:00:18.062000,0 days 00:00:38.576000,0 days 00:00:33.209000
COL,18.0,0 days 00:01:29.823000,20.0,0 days 01:26:10.514000,0 days 00:00:18.096000,0 days 00:00:38.638000,0 days 00:00:33.089000
COL,19.0,0 days 00:01:29.712000,20.0,0 days 01:27:40.226000,0 days 00:00:17.885000,0 days 00:00:38.567000,0 days 00:00:33.260000
COL,20.0,0 days 00:01:29.699000,20.0,0 days 01:29:09.925000,0 days 00:00:18.091000,0 days 00:00:38.653000,0 days 00:00:32.955000
COL,21.0,0 days 00:01:29.430000,20.0,0 days 01:30:39.355000,0 days 00:00:17.992000,0 days 00:00:38.547000,0 days 00:00:32.891000
COL,22.0,0 days 00:01:29.628000,19.0,0 days 01:32:08.983000,0 days 00:00:18.042000,0 days 00:00:38.600000,0 days 00:00:32.986000
COL,23.0,0 days 00:01:29.717000,19.0,0 days 01:33:38.700000,0 days 00:00:18.093000,0 days 00:00:38.535000,0 days 00:00:33.089000
COL,24.0,0 days 00:01:29.852000,19.0,0 days 01:35:08.552000,0 days 00:00:18.068000,0 days 00:00:38.717000,0 days 00:00:33.067000
COL,25.0,0 days 00:01:30.138000,19.0,0 days 01:36:38.690000,0 days 00:00:18.325000,0 days 00:00:38.871000,0 days 00:00:32.942000
COL,26.0,0 days 00:01:29.652000,19.0,0 days 01:38:08.342000,0 days 00:00:18.051000,0 days 00:00:38.705000,0 days 00:00:32.896000
COL,27.0,0 days 00:01:29.543000,19.0,0 days 01:39:37.885000,0 days 00:00:18,0 days 00:00:38.689000,0 days 00:00:32.854000
COL,28.0,0 days 00:01:29.839000,19.0,0 days 01:41:07.724000,0 days 00:00:18.002000,0 days 00:00:38.621000,0 days 00:00:33.216000
COL,29.0,0 days 00:01:29.915000,19.0,0 days 01:42:37.639000,0 days 00:00:18.061000,0 days 00:00:38.773000,0 days 00:00:33.081000
COL,30.0,0 days 00:01:29.674000,19.0,0 days 01:44:07.313000,0 days 00:00:17.991000,0 days 00:00:38.622000,0 days 00:00:33.061000
COL,31.0,0 days 00:01:29.849000,19.0,0 days 01:45:37.162000,0 days 00:00:18.098000,0 days 00:00:38.705000,0 days 00:00:33.046000
COL,32.0,0 days 00:01:29.841000,18.0,0 days 01:47:07.003000,0 days 00:00:18.065000,0 days 00:00:38.685000,0 days 00:00:33.091000
COL,33.0,0 days 00:01:30.053000,16.0,0 days 01:48:37.056000,0 days 00:00:18.068000,0 days 00:00:38.887000,0 days 00:00:33.098000
COL,34.0,0 days 00:01:30.070000,15.0,0 days 01:50:07.126000,0 days 00:00:18.137000,0 days 00:00:38.805000,0 days 00:00:33.128000
COL,35.0,0 days 00:01:30.630000,16.0,0 days 01:51:37.756000,0 days 00:00:18.122000,0 days 00:00:38.897000,0 days 00:00:33.611000
COL,36.0,0 days 00:01:30.233000,16.0,0 days 01:53:07.989000,0 days 00:00:18.062000,0 days 00:00:38.839000,0 days 00:00:33.332000
COL,37.0,0 days 00:01:30.862000,17.0,0 days 01:54:38.851000,0 days 00:00:17.990000,0 days 00:00:38.798000,0 days 00:00:34.074000
COL,38.0,0 days 00:01:30.740000,17.0,0 days 01:56:09.591000,0 days 00:00:18.181000,0 days 00:00:39.078000,0 days 00:00:33.481000
COL,39.0,0 days 00:01:32.596000,19.0,0 days 01:57:42.187000,0 days 00:00:18.123000,0 days 00:00:39.274000,0 days 00:00:35.199000
COL,40.0,0 days 00:01:33.034000,20.0,0 days 01:59:15.221000,0 days 00:00:18.293000,0 days 00:00:39.120000,0 days 00:00:35.621000
COL,41.0,0 days 00:01:50.241000,20.0,0 days 02:01:05.462000,0 days 00:00:39.369000,0 days 00:00:38.412000,0 days 00:00:32.460000
COL,42.0,0 days 00:01:27.710000,20.0,0 days 02:02:33.172000,0 days 00:00:17.697000,0 days 00:00:37.973000,0 days 00:00:32.040000
COL,43.0,0 days 00:01:28.075000,20.0,0 days 02:04:01.247000,0 days 00:00:17.832000,0 days 00:00:38.130000,0 days 00:00:32.113000
COL,44.0,0 days 00:01:28.449000,20.0,0 days 02:05:29.696000,0 days 00:00:17.788000,0 days 00:00:38.332000,0 days 00:00:32.329000
COL,45.0,0 days 00:01:28.464000,20.0,0 days 02:06:58.160000,0 days 00:00:17.759000,0 days 00:00:38.236000,0 days 00:00:32.469000
COL,46.0,0 days 00:01:28.307000,20.0,0 days 02:08:26.467000,0 days 00:00:17.880000,0 days 00:00:38.255000,0 days 00:00:32.172000
COL,47.0,0 days 00:01:28.103000,20.0,0 days 02:09:54.570000,0 days 00:00:17.669000,0 days 00:00:38.206000,0 days 00:00:32.228000
COL,48.0,0 days 00:01:28.022000,20.0,0 days 02:11:22.592000,0 days 00:00:17.686000,0 days 00:00:38.184000,0 days 00:00:32.152000
COL,49.0,0 days 00:01:28.383000,20.0,0 days 02:12:50.975000,0 days 00:00:17.700000,0 days 00:00:38.350000,0 days 00:00:32.333000
COL,50.0,0 days 00:01:28.494000,20.0,0 days 02:14:19.469000,0 days 00:00:17.761000,0 days 00:00:38.362000,0 days 00:00:32.371000
COL,51.0,0 days 00:01:28.531000,20.0,0 days 02:15:48,0 days 00:00:17.775000,0 days 00:00:38.385000,0 days 00:00:32.371000
COL,52.0,0 days 00:01:28.579000,20.0,0 days 02:17:16.579000,0 days 00:00:17.750000,0 days 00:00:38.302000,0 days 00:00:32.527000
COL,53.0,0 days 00:01:28.723000,20.0,0 days 02:18:45.302000,0 days 00:00:17.776000,0 days 00:00:38.507000,0 days 00:00:32.440000
COL,54.0,0 days 00:01:28.680000,20.0,0 days 02:20:13.982000,0 days 00:00:17.875000,0 days 00:00:38.411000,0 days 00:00:32.394000
COL,55.0,0 days 00:01:28.570000,20.0,0 days 02:21:42.552000,0 days 00:00:17.709000,0 days 00:00:38.457000,0 days 00:00:32.404000
COL,56.0,0 days 00:01:28.940000,20.0,0 days 02:23:11.492000,0 days 00:00:17.865000,0 days 00:00:38.471000,0 days 00:00:32.604000
COL,57.0,0 days 00:01:30.714000,20.0,0 days 02:24:42.206000,0 days 00:00:17.722000,0 days 00:00:39.629000,0 days 00:00:33.363000
